"channel","pitch","tick_on","tick_off","dur_ticks","velocity","nota_nombre","clase_pitch","fuera_escala_mayor","fuera_escala_menor","duracion_muy_corta","velocidad_anomala","intervalo_disonante"
0,50,0,480,480,69,"D3",2,TRUE,FALSE,FALSE,TRUE,FALSE
0,74,0,480,480,73,"D5",2,TRUE,FALSE,FALSE,TRUE,FALSE
0,66,960,1440,480,45,"F#4",6,FALSE,FALSE,FALSE,FALSE,TRUE
0,79,960,1094,134,66,"G5",7,TRUE,FALSE,FALSE,FALSE,TRUE
0,78,1082,1212,130,55,"F#5",6,FALSE,FALSE,FALSE,FALSE,TRUE
0,79,1561,1693,132,55,"G5",7,TRUE,FALSE,FALSE,FALSE,TRUE
0,78,1680,1813,133,55,"F#5",6,FALSE,FALSE,FALSE,FALSE,TRUE
0,79,1800,1932,132,55,"G5",7,TRUE,FALSE,FALSE,FALSE,TRUE
0,66,1920,2400,480,37,"F#4",6,FALSE,FALSE,FALSE,FALSE,TRUE
0,85,3361,3422,61,45,"C#6",1,FALSE,TRUE,FALSE,FALSE,TRUE
0,86,3602,3660,58,45,"D6",2,TRUE,FALSE,FALSE,FALSE,TRUE
0,62,4560,4800,240,33,"D4",2,TRUE,FALSE,FALSE,FALSE,TRUE
0,52,4800,5041,241,37,"E3",4,FALSE,FALSE,FALSE,FALSE,TRUE
0,78,5041,5160,119,44,"F#5",6,FALSE,FALSE,FALSE,FALSE,TRUE
0,79,5160,5281,121,44,"G5",7,TRUE,FALSE,FALSE,FALSE,TRUE
0,57,5281,5340,59,37,"A3",9,FALSE,FALSE,FALSE,FALSE,TRUE
0,61,5520,5581,61,30,"C#4",1,FALSE,TRUE,FALSE,FALSE,TRUE
0,79,5520,5581,61,46,"G5",7,TRUE,FALSE,FALSE,FALSE,TRUE
0,77,5760,6000,240,54,"F5",5,TRUE,TRUE,FALSE,FALSE,TRUE
0,78,6000,6240,240,45,"F#5",6,FALSE,FALSE,FALSE,FALSE,TRUE
0,66,6720,7200,480,45,"F#4",6,FALSE,FALSE,FALSE,FALSE,TRUE
0,79,6720,6852,132,66,"G5",7,TRUE,FALSE,FALSE,FALSE,TRUE
0,78,6842,6972,130,55,"F#5",6,FALSE,FALSE,FALSE,FALSE,TRUE
0,79,7321,7453,132,55,"G5",7,TRUE,FALSE,FALSE,FALSE,TRUE
0,78,7440,7573,133,55,"F#5",6,FALSE,FALSE,FALSE,FALSE,TRUE
0,79,7561,7692,131,55,"G5",7,TRUE,FALSE,FALSE,FALSE,TRUE
0,66,7680,8160,480,37,"F#4",6,FALSE,FALSE,FALSE,FALSE,TRUE
0,85,9121,9181,60,45,"C#6",1,FALSE,TRUE,FALSE,FALSE,TRUE
0,86,9360,9421,61,45,"D6",2,TRUE,FALSE,FALSE,FALSE,TRUE
0,62,10320,10560,240,33,"D4",2,TRUE,FALSE,FALSE,FALSE,TRUE
0,52,10560,10801,241,37,"E3",4,FALSE,FALSE,FALSE,FALSE,TRUE
0,78,10801,10920,119,44,"F#5",6,FALSE,FALSE,FALSE,FALSE,TRUE
0,79,10920,11042,122,44,"G5",7,TRUE,FALSE,FALSE,FALSE,TRUE
0,57,11042,11280,238,37,"A3",9,FALSE,FALSE,FALSE,FALSE,TRUE
0,79,11161,11280,119,44,"G5",7,TRUE,FALSE,FALSE,FALSE,TRUE
0,61,11280,11520,240,32,"C#4",1,FALSE,TRUE,FALSE,FALSE,TRUE
0,78,12480,12568,88,47,"F#5",6,FALSE,FALSE,FALSE,FALSE,TRUE
0,79,12562,12649,87,43,"G5",7,TRUE,FALSE,FALSE,FALSE,TRUE
0,78,12640,12728,88,48,"F#5",6,FALSE,FALSE,FALSE,FALSE,TRUE
0,66,12722,12841,119,26,"F#4",6,FALSE,FALSE,FALSE,FALSE,TRUE
0,79,12722,12808,86,43,"G5",7,TRUE,FALSE,FALSE,FALSE,TRUE
0,78,12799,12888,89,48,"F#5",6,FALSE,FALSE,FALSE,FALSE,TRUE
0,79,12880,12968,88,44,"G5",7,TRUE,FALSE,FALSE,FALSE,TRUE
0,78,12959,13048,89,48,"F#5",6,FALSE,FALSE,FALSE,FALSE,TRUE
0,79,13040,13127,87,44,"G5",7,TRUE,FALSE,FALSE,FALSE,TRUE
0,78,13119,13207,88,44,"F#5",6,FALSE,FALSE,FALSE,FALSE,TRUE
0,66,13200,13320,120,30,"F#4",6,FALSE,FALSE,FALSE,FALSE,TRUE
0,76,13200,13332,132,48,"E5",4,FALSE,FALSE,FALSE,FALSE,TRUE
0,74,13320,13452,132,44,"D5",2,TRUE,FALSE,FALSE,FALSE,TRUE
0,64,13440,13560,120,37,"E4",4,FALSE,FALSE,FALSE,FALSE,TRUE
0,73,13440,13560,120,50,"C#5",1,FALSE,TRUE,FALSE,FALSE,TRUE
0,67,13682,13802,120,29,"G4",7,TRUE,FALSE,FALSE,FALSE,TRUE
0,76,14400,14521,121,50,"E5",4,FALSE,FALSE,FALSE,FALSE,TRUE
0,66,14521,14652,131,38,"F#4",6,FALSE,FALSE,FALSE,FALSE,TRUE
0,67,14641,14772,131,38,"G4",7,TRUE,FALSE,FALSE,FALSE,TRUE
0,66,14760,14892,132,38,"F#4",6,FALSE,FALSE,FALSE,FALSE,TRUE
0,62,15000,15133,133,40,"D4",2,TRUE,FALSE,FALSE,FALSE,TRUE
0,61,15120,15252,132,40,"C#4",1,FALSE,TRUE,FALSE,FALSE,TRUE
0,57,16320,16440,120,36,"A3",9,FALSE,FALSE,FALSE,FALSE,TRUE
0,79,16320,16408,88,47,"G5",7,TRUE,FALSE,FALSE,FALSE,TRUE
0,79,16480,16569,89,48,"G5",7,TRUE,FALSE,FALSE,FALSE,TRUE
0,61,16562,16681,119,26,"C#4",1,FALSE,TRUE,FALSE,FALSE,TRUE
0,79,16959,17047,88,44,"G5",7,TRUE,FALSE,FALSE,FALSE,TRUE
0,61,17040,17160,120,30,"C#4",1,FALSE,TRUE,FALSE,FALSE,TRUE
0,76,17160,17292,132,44,"E5",4,FALSE,FALSE,FALSE,FALSE,TRUE
0,54,17280,17400,120,37,"F#3",6,FALSE,FALSE,FALSE,FALSE,TRUE
0,54,18600,18732,132,38,"F#3",6,FALSE,FALSE,FALSE,FALSE,TRUE
0,55,18720,18852,132,39,"G3",7,TRUE,FALSE,FALSE,FALSE,TRUE
0,61,19080,19212,132,42,"C#4",1,FALSE,TRUE,FALSE,FALSE,TRUE
0,62,19200,19680,480,44,"D4",2,TRUE,FALSE,FALSE,FALSE,TRUE
0,78,19560,19693,133,49,"F#5",6,FALSE,FALSE,FALSE,FALSE,TRUE
0,79,19680,19812,132,50,"G5",7,TRUE,FALSE,FALSE,FALSE,TRUE
0,85,20040,20173,133,53,"C#6",1,FALSE,TRUE,FALSE,FALSE,TRUE
0,86,20161,20292,131,55,"D6",2,TRUE,FALSE,FALSE,FALSE,TRUE
0,85,20280,20414,134,56,"C#6",1,FALSE,TRUE,FALSE,FALSE,TRUE
0,57,20640,20761,121,37,"A3",9,FALSE,FALSE,FALSE,FALSE,TRUE
0,79,20640,20773,133,56,"G5",7,TRUE,FALSE,FALSE,FALSE,TRUE
0,78,20761,20894,133,55,"F#5",6,FALSE,FALSE,FALSE,FALSE,TRUE
0,76,21361,21493,132,45,"E5",4,FALSE,FALSE,FALSE,FALSE,TRUE
0,75,21482,21612,130,43,"D#5",3,FALSE,TRUE,FALSE,FALSE,TRUE
0,76,21600,21732,132,45,"E5",4,FALSE,FALSE,FALSE,FALSE,TRUE
0,78,21720,21853,133,47,"F#5",6,FALSE,FALSE,FALSE,FALSE,TRUE
0,79,21840,21972,132,49,"G5",7,TRUE,FALSE,FALSE,FALSE,TRUE
0,79,22320,22452,132,53,"G5",7,TRUE,FALSE,FALSE,FALSE,TRUE
0,78,22441,22572,131,51,"F#5",6,FALSE,FALSE,FALSE,FALSE,TRUE
0,55,22560,22680,120,30,"G3",7,TRUE,FALSE,FALSE,FALSE,TRUE
0,74,22680,22813,133,48,"D5",2,TRUE,FALSE,FALSE,FALSE,TRUE
0,56,22801,22920,119,30,"G#3",8,FALSE,TRUE,FALSE,FALSE,TRUE
0,73,23041,23173,132,50,"C#5",1,FALSE,TRUE,FALSE,FALSE,TRUE
0,74,23160,23292,132,42,"D5",2,TRUE,FALSE,FALSE,FALSE,TRUE
0,55,23280,23520,240,40,"G3",7,TRUE,FALSE,FALSE,FALSE,TRUE
0,73,23280,23412,132,42,"C#5",1,FALSE,TRUE,FALSE,FALSE,TRUE
0,50,23761,23880,119,40,"D3",2,TRUE,FALSE,FALSE,FALSE,TRUE
0,49,24000,24242,242,50,"C#3",1,FALSE,TRUE,FALSE,FALSE,TRUE
0,79,24000,24132,132,55,"G5",7,TRUE,FALSE,FALSE,FALSE,TRUE
0,45,24242,24480,238,44,"A2",9,FALSE,FALSE,FALSE,FALSE,TRUE
0,79,24242,24373,131,46,"G5",7,TRUE,FALSE,FALSE,FALSE,TRUE
0,79,24480,24613,133,56,"G5",7,TRUE,FALSE,FALSE,FALSE,TRUE
0,78,24601,24732,131,47,"F#5",6,FALSE,FALSE,FALSE,FALSE,TRUE
0,54,24720,24841,121,44,"F#3",6,FALSE,FALSE,FALSE,FALSE,TRUE
0,76,24720,24853,133,48,"E5",4,FALSE,FALSE,FALSE,FALSE,TRUE
0,73,24962,25093,131,57,"C#5",1,FALSE,TRUE,FALSE,FALSE,TRUE
0,74,25082,25213,131,44,"D5",2,TRUE,FALSE,FALSE,FALSE,TRUE
0,55,25201,25440,239,44,"G3",7,TRUE,FALSE,FALSE,FALSE,TRUE
0,73,25201,25332,131,44,"C#5",1,FALSE,TRUE,FALSE,FALSE,TRUE
0,50,25680,25800,120,45,"D3",2,TRUE,FALSE,FALSE,FALSE,TRUE
0,49,25921,26162,241,54,"C#3",1,FALSE,TRUE,FALSE,FALSE,TRUE
0,79,25921,26052,131,65,"G5",7,TRUE,FALSE,FALSE,FALSE,TRUE
0,45,26162,26400,238,47,"A2",9,FALSE,FALSE,FALSE,FALSE,TRUE
0,79,26162,26292,130,54,"G5",7,TRUE,FALSE,FALSE,FALSE,TRUE
0,79,26400,26533,133,69,"G5",7,TRUE,FALSE,FALSE,TRUE,TRUE
0,78,26521,26652,131,56,"F#5",6,FALSE,FALSE,FALSE,FALSE,TRUE
0,54,26640,26760,120,48,"F#3",6,FALSE,FALSE,FALSE,FALSE,TRUE
0,76,26640,26773,133,56,"E5",4,FALSE,FALSE,FALSE,FALSE,TRUE
0,73,26880,27000,120,79,"C#5",1,FALSE,TRUE,FALSE,TRUE,FALSE
0,78,27360,27481,121,74,"F#5",6,FALSE,FALSE,FALSE,TRUE,FALSE
0,73,27842,27960,118,77,"C#5",1,FALSE,TRUE,FALSE,TRUE,FALSE
0,78,28321,28442,121,77,"F#5",6,FALSE,FALSE,FALSE,TRUE,FALSE
0,74,28680,28801,121,64,"D5",2,TRUE,FALSE,FALSE,FALSE,TRUE
0,73,28801,28891,90,69,"C#5",1,FALSE,TRUE,FALSE,TRUE,TRUE
0,76,28801,28891,90,84,"E5",4,FALSE,FALSE,FALSE,TRUE,FALSE
0,81,29041,29131,90,74,"A5",9,FALSE,FALSE,FALSE,TRUE,FALSE
0,81,29282,29371,89,74,"A5",9,FALSE,FALSE,FALSE,TRUE,FALSE
0,81,29521,29612,91,74,"A5",9,FALSE,FALSE,FALSE,TRUE,FALSE
0,81,29761,30180,419,74,"A5",9,FALSE,FALSE,FALSE,TRUE,FALSE
0,74,30180,30240,60,41,"D5",2,TRUE,FALSE,FALSE,FALSE,TRUE
0,73,30240,30360,120,42,"C#5",1,FALSE,TRUE,FALSE,FALSE,TRUE
0,73,30481,30600,119,40,"C#5",1,FALSE,TRUE,FALSE,FALSE,TRUE
0,74,30600,30720,120,40,"D5",2,TRUE,FALSE,FALSE,FALSE,TRUE
0,57,30720,30960,240,34,"A3",9,FALSE,FALSE,FALSE,FALSE,TRUE
0,75,30720,30960,240,45,"D#5",3,FALSE,TRUE,FALSE,FALSE,TRUE
0,80,31921,32160,239,42,"G#5",8,FALSE,TRUE,FALSE,FALSE,TRUE
0,57,32160,32400,240,29,"A3",9,FALSE,FALSE,FALSE,FALSE,TRUE
0,74,33360,33600,240,40,"D5",2,TRUE,FALSE,FALSE,FALSE,TRUE
0,56,33600,33841,241,34,"G#3",8,FALSE,TRUE,FALSE,FALSE,TRUE
0,74,33841,34080,239,42,"D5",2,TRUE,FALSE,FALSE,FALSE,TRUE
0,52,34080,34320,240,30,"E3",4,FALSE,FALSE,FALSE,FALSE,TRUE
0,73,34080,34320,240,45,"C#5",1,FALSE,TRUE,FALSE,FALSE,TRUE
0,62,34320,34560,240,28,"D4",2,TRUE,FALSE,FALSE,FALSE,TRUE
0,71,34320,34560,240,42,"B4",11,FALSE,FALSE,FALSE,FALSE,TRUE
0,61,34560,34801,241,34,"C#4",1,FALSE,TRUE,FALSE,FALSE,TRUE
0,69,34801,35041,240,44,"A4",9,FALSE,FALSE,FALSE,FALSE,TRUE
0,56,35041,35281,240,30,"G#3",8,FALSE,TRUE,FALSE,FALSE,TRUE
0,54,36001,36241,240,29,"F#3",6,FALSE,FALSE,FALSE,FALSE,TRUE
0,76,36180,36241,61,42,"E5",4,FALSE,FALSE,FALSE,FALSE,TRUE
0,74,36241,36480,239,47,"D5",2,TRUE,FALSE,FALSE,FALSE,TRUE
0,52,36480,36722,242,34,"E3",4,FALSE,FALSE,FALSE,FALSE,TRUE
0,74,37200,37320,120,44,"D5",2,TRUE,FALSE,FALSE,FALSE,TRUE
0,73,37320,37440,120,42,"C#5",1,FALSE,TRUE,FALSE,FALSE,TRUE
0,73,37680,37801,121,42,"C#5",1,FALSE,TRUE,FALSE,FALSE,TRUE
0,74,37920,38041,121,44,"D5",2,TRUE,FALSE,FALSE,FALSE,TRUE
0,75,38160,38280,120,47,"D#5",3,FALSE,TRUE,FALSE,FALSE,TRUE
0,57,38401,38640,239,34,"A3",9,FALSE,FALSE,FALSE,FALSE,TRUE
0,75,38401,38640,239,43,"D#5",3,FALSE,TRUE,FALSE,FALSE,TRUE
0,76,39181,39240,59,37,"E5",4,FALSE,FALSE,FALSE,FALSE,TRUE
0,75,39240,39300,60,37,"D#5",3,FALSE,TRUE,FALSE,FALSE,TRUE
0,76,39300,39360,60,37,"E5",4,FALSE,FALSE,FALSE,FALSE,TRUE
0,80,39601,39720,119,42,"G#5",8,FALSE,TRUE,FALSE,FALSE,TRUE
0,57,39840,40080,240,29,"A3",9,FALSE,FALSE,FALSE,FALSE,TRUE
0,74,41101,41160,59,37,"D5",2,TRUE,FALSE,FALSE,FALSE,TRUE
0,73,41160,41220,60,37,"C#5",1,FALSE,TRUE,FALSE,FALSE,TRUE
0,74,41220,41280,60,37,"D5",2,TRUE,FALSE,FALSE,FALSE,TRUE
0,56,41280,41521,241,34,"G#3",8,FALSE,TRUE,FALSE,FALSE,TRUE
0,74,41521,41640,119,42,"D5",2,TRUE,FALSE,FALSE,FALSE,TRUE
0,52,41760,42000,240,30,"E3",4,FALSE,FALSE,FALSE,FALSE,TRUE
0,69,43201,43680,479,45,"A4",9,FALSE,FALSE,FALSE,FALSE,TRUE
0,59,43680,44160,480,30,"B3",11,FALSE,FALSE,FALSE,FALSE,TRUE
0,68,43680,43740,60,43,"G#4",8,FALSE,TRUE,FALSE,FALSE,TRUE
0,69,43740,43800,60,39,"A4",9,FALSE,FALSE,FALSE,FALSE,TRUE
0,68,43800,43860,60,43,"G#4",8,FALSE,TRUE,FALSE,FALSE,TRUE
0,69,43860,43920,60,40,"A4",9,FALSE,FALSE,FALSE,FALSE,TRUE
0,68,43920,44000,80,43,"G#4",8,FALSE,TRUE,FALSE,FALSE,TRUE
0,68,44081,44160,79,40,"G#4",8,FALSE,TRUE,FALSE,FALSE,TRUE
0,57,44160,44640,480,38,"A3",9,FALSE,FALSE,FALSE,FALSE,TRUE
0,76,44281,44400,119,44,"E5",4,FALSE,FALSE,FALSE,FALSE,TRUE
0,75,44400,44520,120,47,"D#5",3,FALSE,TRUE,FALSE,FALSE,TRUE
0,76,44520,44640,120,43,"E5",4,FALSE,FALSE,FALSE,FALSE,TRUE
0,69,44881,45000,119,49,"A4",9,FALSE,FALSE,FALSE,FALSE,TRUE
0,75,44881,45000,119,51,"D#5",3,FALSE,TRUE,FALSE,FALSE,TRUE
0,76,45000,45120,120,51,"E5",4,FALSE,FALSE,FALSE,FALSE,TRUE
0,68,45600,45720,120,56,"G#4",8,FALSE,TRUE,FALSE,FALSE,TRUE
0,74,45600,45720,120,62,"D5",2,TRUE,FALSE,FALSE,FALSE,TRUE
0,64,45841,45960,119,48,"E4",4,FALSE,FALSE,FALSE,FALSE,TRUE
0,74,45841,45960,119,52,"D5",2,TRUE,FALSE,FALSE,FALSE,TRUE
0,76,46200,46321,121,44,"E5",4,FALSE,FALSE,FALSE,FALSE,TRUE
0,75,46321,46440,119,47,"D#5",3,FALSE,TRUE,FALSE,FALSE,TRUE
0,76,46440,46561,121,43,"E5",4,FALSE,FALSE,FALSE,FALSE,TRUE
0,57,46800,46920,120,50,"A3",9,FALSE,FALSE,FALSE,FALSE,TRUE
0,75,46800,46920,120,51,"D#5",3,FALSE,TRUE,FALSE,FALSE,TRUE
0,76,46920,47040,120,51,"E5",4,FALSE,FALSE,FALSE,FALSE,TRUE
0,56,47521,47641,120,56,"G#3",8,FALSE,TRUE,FALSE,FALSE,TRUE
0,74,47521,47641,120,62,"D5",2,TRUE,FALSE,FALSE,FALSE,TRUE
0,52,47762,47880,118,51,"E3",4,FALSE,FALSE,FALSE,FALSE,TRUE
0,74,47762,47880,118,52,"D5",2,TRUE,FALSE,FALSE,FALSE,TRUE
0,64,48120,48240,120,35,"E4",4,FALSE,FALSE,FALSE,FALSE,TRUE
0,63,48240,48360,120,37,"D#4",3,FALSE,TRUE,FALSE,FALSE,TRUE
0,64,48360,48480,120,34,"E4",4,FALSE,FALSE,FALSE,FALSE,TRUE
0,64,48600,48721,121,37,"E4",4,FALSE,FALSE,FALSE,FALSE,TRUE
0,63,48721,48840,119,40,"D#4",3,FALSE,TRUE,FALSE,FALSE,TRUE
0,81,48721,48840,119,57,"A5",9,FALSE,FALSE,FALSE,FALSE,TRUE
0,62,49440,49560,120,49,"D4",2,TRUE,FALSE,FALSE,FALSE,TRUE
0,80,49440,49560,120,63,"G#5",8,FALSE,TRUE,FALSE,FALSE,TRUE
0,64,50040,50161,121,35,"E4",4,FALSE,FALSE,FALSE,FALSE,TRUE
0,63,50161,50281,120,37,"D#4",3,FALSE,TRUE,FALSE,FALSE,TRUE
0,64,50281,50401,120,34,"E4",4,FALSE,FALSE,FALSE,FALSE,TRUE
0,45,50642,50761,119,57,"A2",9,FALSE,FALSE,FALSE,FALSE,TRUE
0,63,50642,50761,119,40,"D#4",3,FALSE,TRUE,FALSE,FALSE,TRUE
0,64,50761,50881,120,40,"E4",4,FALSE,FALSE,FALSE,FALSE,TRUE
0,44,51361,51480,119,60,"G#2",8,FALSE,TRUE,FALSE,FALSE,TRUE
0,62,51361,51480,119,49,"D4",2,TRUE,FALSE,FALSE,FALSE,TRUE
0,40,51600,51720,120,58,"E2",4,FALSE,FALSE,FALSE,FALSE,TRUE
0,62,51600,51720,120,41,"D4",2,TRUE,FALSE,FALSE,FALSE,TRUE
0,69,52680,52801,121,29,"A4",9,FALSE,FALSE,FALSE,FALSE,TRUE
0,59,52801,52920,119,35,"B3",11,FALSE,FALSE,FALSE,FALSE,TRUE
0,69,52920,53042,122,30,"A4",9,FALSE,FALSE,FALSE,FALSE,TRUE
0,59,53042,53160,118,30,"B3",11,FALSE,FALSE,FALSE,FALSE,TRUE
0,69,53160,53280,120,30,"A4",9,FALSE,FALSE,FALSE,FALSE,TRUE
0,69,53880,54001,121,30,"A4",9,FALSE,FALSE,FALSE,FALSE,TRUE
0,68,54001,54120,119,30,"G#4",8,FALSE,TRUE,FALSE,FALSE,TRUE
0,69,54120,54240,120,30,"A4",9,FALSE,FALSE,FALSE,FALSE,TRUE
0,80,54120,54161,41,45,"G#5",8,FALSE,TRUE,FALSE,FALSE,TRUE
0,69,54360,54481,121,30,"A4",9,FALSE,FALSE,FALSE,FALSE,TRUE
0,68,54481,54601,120,30,"G#4",8,FALSE,TRUE,FALSE,FALSE,TRUE
0,80,54481,54601,120,47,"G#5",8,FALSE,TRUE,FALSE,FALSE,TRUE
0,69,54601,54720,119,30,"A4",9,FALSE,FALSE,FALSE,FALSE,TRUE
0,69,54842,54961,119,32,"A4",9,FALSE,FALSE,FALSE,FALSE,TRUE
0,68,54961,55081,120,32,"G#4",8,FALSE,TRUE,FALSE,FALSE,TRUE
0,81,54961,55200,239,45,"A5",9,FALSE,FALSE,FALSE,FALSE,TRUE
0,62,55200,55320,120,34,"D4",2,TRUE,FALSE,FALSE,FALSE,TRUE
0,80,55200,55440,240,47,"G#5",8,FALSE,TRUE,FALSE,FALSE,TRUE
0,69,55320,55440,120,30,"A4",9,FALSE,FALSE,FALSE,FALSE,TRUE
0,68,55440,55560,120,30,"G#4",8,FALSE,TRUE,FALSE,FALSE,TRUE
0,78,55440,55680,240,45,"F#5",6,FALSE,FALSE,FALSE,FALSE,TRUE
0,69,55800,55920,120,37,"A4",9,FALSE,FALSE,FALSE,FALSE,TRUE
0,68,55920,56040,120,28,"G#4",8,FALSE,TRUE,FALSE,FALSE,TRUE
0,69,56040,56160,120,28,"A4",9,FALSE,FALSE,FALSE,FALSE,TRUE
0,69,56520,56640,120,37,"A4",9,FALSE,FALSE,FALSE,FALSE,TRUE
0,59,56640,56760,120,45,"B3",11,FALSE,FALSE,FALSE,FALSE,TRUE
0,69,56760,56882,122,39,"A4",9,FALSE,FALSE,FALSE,FALSE,TRUE
0,59,56882,57000,118,39,"B3",11,FALSE,FALSE,FALSE,FALSE,TRUE
0,69,57000,57120,120,39,"A4",9,FALSE,FALSE,FALSE,FALSE,TRUE
0,73,59100,59160,60,49,"C#5",1,FALSE,TRUE,FALSE,FALSE,TRUE
0,62,59160,59282,122,39,"D4",2,TRUE,FALSE,FALSE,FALSE,TRUE
0,69,60360,60480,120,29,"A4",9,FALSE,FALSE,FALSE,FALSE,TRUE
0,59,60480,60601,121,35,"B3",11,FALSE,FALSE,FALSE,FALSE,TRUE
0,69,60601,60721,120,30,"A4",9,FALSE,FALSE,FALSE,FALSE,TRUE
0,59,60721,60840,119,30,"B3",11,FALSE,FALSE,FALSE,FALSE,TRUE
0,69,60840,60961,121,30,"A4",9,FALSE,FALSE,FALSE,FALSE,TRUE
0,69,61561,61680,119,30,"A4",9,FALSE,FALSE,FALSE,FALSE,TRUE
0,68,61680,61801,121,30,"G#4",8,FALSE,TRUE,FALSE,FALSE,TRUE
0,69,61801,61921,120,30,"A4",9,FALSE,FALSE,FALSE,FALSE,TRUE
0,80,61801,61840,39,45,"G#5",8,FALSE,TRUE,FALSE,FALSE,TRUE
0,69,62040,62162,122,30,"A4",9,FALSE,FALSE,FALSE,FALSE,TRUE
0,68,62162,62280,118,30,"G#4",8,FALSE,TRUE,FALSE,FALSE,TRUE
0,80,62162,62280,118,47,"G#5",8,FALSE,TRUE,FALSE,FALSE,TRUE
0,69,62280,62400,120,30,"A4",9,FALSE,FALSE,FALSE,FALSE,TRUE
0,69,62521,62640,119,32,"A4",9,FALSE,FALSE,FALSE,FALSE,TRUE
0,68,62640,62761,121,32,"G#4",8,FALSE,TRUE,FALSE,FALSE,TRUE
0,81,62640,62880,240,45,"A5",9,FALSE,FALSE,FALSE,FALSE,TRUE
0,62,62880,63002,122,34,"D4",2,TRUE,FALSE,FALSE,FALSE,TRUE
0,80,62880,63121,241,47,"G#5",8,FALSE,TRUE,FALSE,FALSE,TRUE
0,69,63002,63121,119,30,"A4",9,FALSE,FALSE,FALSE,FALSE,TRUE
0,68,63121,63241,120,30,"G#4",8,FALSE,TRUE,FALSE,FALSE,TRUE
0,78,63121,63360,239,45,"F#5",6,FALSE,FALSE,FALSE,FALSE,TRUE
0,69,63480,63600,120,37,"A4",9,FALSE,FALSE,FALSE,FALSE,TRUE
0,68,63600,63720,120,28,"G#4",8,FALSE,TRUE,FALSE,FALSE,TRUE
0,69,63720,63840,120,28,"A4",9,FALSE,FALSE,FALSE,FALSE,TRUE
0,69,64200,64320,120,37,"A4",9,FALSE,FALSE,FALSE,FALSE,TRUE
0,59,64320,64441,121,45,"B3",11,FALSE,FALSE,FALSE,FALSE,TRUE
0,69,64441,64561,120,39,"A4",9,FALSE,FALSE,FALSE,FALSE,TRUE
0,59,64561,64681,120,39,"B3",11,FALSE,FALSE,FALSE,FALSE,TRUE
0,69,64681,64801,120,39,"A4",9,FALSE,FALSE,FALSE,FALSE,TRUE
0,73,66780,66841,61,49,"C#5",1,FALSE,TRUE,FALSE,FALSE,TRUE
0,62,66841,66960,119,39,"D4",2,TRUE,FALSE,FALSE,FALSE,TRUE
0,69,69121,69361,240,75,"A4",9,FALSE,FALSE,FALSE,TRUE,FALSE
0,41,69600,69841,241,52,"F2",5,TRUE,TRUE,FALSE,FALSE,FALSE
0,53,69600,69841,241,63,"F3",5,TRUE,TRUE,FALSE,FALSE,TRUE
0,71,69600,69841,241,64,"B4",11,FALSE,FALSE,FALSE,FALSE,TRUE
0,74,69600,69841,241,64,"D5",2,TRUE,FALSE,FALSE,FALSE,TRUE
0,80,69600,69841,241,75,"G#5",8,FALSE,TRUE,FALSE,TRUE,TRUE
0,81,70080,70321,241,75,"A5",9,FALSE,FALSE,FALSE,TRUE,FALSE
0,74,71040,71280,240,47,"D5",2,TRUE,FALSE,FALSE,FALSE,TRUE
0,64,71280,71401,121,36,"E4",4,FALSE,FALSE,FALSE,FALSE,TRUE
0,73,71521,71761,240,47,"C#5",1,FALSE,TRUE,FALSE,FALSE,TRUE
0,62,71761,71881,120,35,"D4",2,TRUE,FALSE,FALSE,FALSE,TRUE
0,52,72001,72960,959,40,"E3",4,FALSE,FALSE,FALSE,FALSE,TRUE
0,62,72001,72240,239,39,"D4",2,TRUE,FALSE,FALSE,FALSE,TRUE
0,71,72001,72240,239,47,"B4",11,FALSE,FALSE,FALSE,FALSE,TRUE
0,61,72240,72360,120,34,"C#4",1,FALSE,TRUE,FALSE,FALSE,TRUE
0,69,72480,72720,240,47,"A4",9,FALSE,FALSE,FALSE,FALSE,TRUE
0,59,72720,72841,121,34,"B3",11,FALSE,FALSE,FALSE,FALSE,TRUE
0,68,72720,72841,121,41,"G#4",8,FALSE,TRUE,FALSE,FALSE,TRUE
0,57,72960,73440,480,39,"A3",9,FALSE,FALSE,FALSE,FALSE,TRUE
0,62,72960,73920,960,45,"D4",2,TRUE,FALSE,FALSE,FALSE,TRUE
0,68,72960,73920,960,54,"G#4",8,FALSE,TRUE,FALSE,FALSE,TRUE
0,50,74880,75360,480,69,"D3",2,TRUE,FALSE,FALSE,TRUE,FALSE
0,74,74880,75360,480,73,"D5",2,TRUE,FALSE,FALSE,TRUE,FALSE
0,66,75841,76320,479,45,"F#4",6,FALSE,FALSE,FALSE,FALSE,TRUE
0,79,75841,75973,132,66,"G5",7,TRUE,FALSE,FALSE,FALSE,TRUE
0,78,75961,76093,132,55,"F#5",6,FALSE,FALSE,FALSE,FALSE,TRUE
0,79,76441,76572,131,55,"G5",7,TRUE,FALSE,FALSE,FALSE,TRUE
0,78,76560,76693,133,55,"F#5",6,FALSE,FALSE,FALSE,FALSE,TRUE
0,79,76681,76812,131,55,"G5",7,TRUE,FALSE,FALSE,FALSE,TRUE
0,66,76800,77280,480,37,"F#4",6,FALSE,FALSE,FALSE,FALSE,TRUE
0,85,78241,78302,61,45,"C#6",1,FALSE,TRUE,FALSE,FALSE,TRUE
0,86,78480,78541,61,45,"D6",2,TRUE,FALSE,FALSE,FALSE,TRUE
0,62,79442,79680,238,33,"D4",2,TRUE,FALSE,FALSE,FALSE,TRUE
0,52,79680,79920,240,37,"E3",4,FALSE,FALSE,FALSE,FALSE,TRUE
0,78,79920,80040,120,44,"F#5",6,FALSE,FALSE,FALSE,FALSE,TRUE
0,79,80040,80162,122,44,"G5",7,TRUE,FALSE,FALSE,FALSE,TRUE
0,57,80162,80220,58,37,"A3",9,FALSE,FALSE,FALSE,FALSE,TRUE
0,61,80400,80460,60,30,"C#4",1,FALSE,TRUE,FALSE,FALSE,TRUE
0,79,80400,80460,60,46,"G5",7,TRUE,FALSE,FALSE,FALSE,TRUE
0,77,80640,80880,240,54,"F5",5,TRUE,TRUE,FALSE,FALSE,TRUE
0,78,80880,81121,241,45,"F#5",6,FALSE,FALSE,FALSE,FALSE,TRUE
0,66,81601,82080,479,45,"F#4",6,FALSE,FALSE,FALSE,FALSE,TRUE
0,79,81601,81733,132,66,"G5",7,TRUE,FALSE,FALSE,FALSE,TRUE
0,78,81720,81852,132,55,"F#5",6,FALSE,FALSE,FALSE,FALSE,TRUE
0,79,82202,82333,131,55,"G5",7,TRUE,FALSE,FALSE,FALSE,TRUE
0,78,82320,82453,133,55,"F#5",6,FALSE,FALSE,FALSE,FALSE,TRUE
0,79,82440,82572,132,55,"G5",7,TRUE,FALSE,FALSE,FALSE,TRUE
0,66,82560,83040,480,37,"F#4",6,FALSE,FALSE,FALSE,FALSE,TRUE
0,85,84001,84062,61,45,"C#6",1,FALSE,TRUE,FALSE,FALSE,TRUE
0,86,84240,84301,61,45,"D6",2,TRUE,FALSE,FALSE,FALSE,TRUE
0,62,85202,85440,238,33,"D4",2,TRUE,FALSE,FALSE,FALSE,TRUE
0,52,85440,85680,240,37,"E3",4,FALSE,FALSE,FALSE,FALSE,TRUE
0,78,85680,85800,120,44,"F#5",6,FALSE,FALSE,FALSE,FALSE,TRUE
0,79,85800,85922,122,44,"G5",7,TRUE,FALSE,FALSE,FALSE,TRUE
0,57,85922,86160,238,37,"A3",9,FALSE,FALSE,FALSE,FALSE,TRUE
0,79,86041,86160,119,44,"G5",7,TRUE,FALSE,FALSE,FALSE,TRUE
0,61,86160,86400,240,32,"C#4",1,FALSE,TRUE,FALSE,FALSE,TRUE
0,78,87360,87448,88,47,"F#5",6,FALSE,FALSE,FALSE,FALSE,TRUE
0,79,87442,87529,87,43,"G5",7,TRUE,FALSE,FALSE,FALSE,TRUE
0,78,87520,87608,88,48,"F#5",6,FALSE,FALSE,FALSE,FALSE,TRUE
0,66,87602,87721,119,26,"F#4",6,FALSE,FALSE,FALSE,FALSE,TRUE
0,79,87602,87688,86,43,"G5",7,TRUE,FALSE,FALSE,FALSE,TRUE
0,78,87679,87767,88,48,"F#5",6,FALSE,FALSE,FALSE,FALSE,TRUE
0,79,87760,87848,88,44,"G5",7,TRUE,FALSE,FALSE,FALSE,TRUE
0,78,87839,87928,89,48,"F#5",6,FALSE,FALSE,FALSE,FALSE,TRUE
0,79,87920,88007,87,44,"G5",7,TRUE,FALSE,FALSE,FALSE,TRUE
0,78,87999,88087,88,44,"F#5",6,FALSE,FALSE,FALSE,FALSE,TRUE
0,66,88080,88200,120,30,"F#4",6,FALSE,FALSE,FALSE,FALSE,TRUE
0,76,88080,88212,132,48,"E5",4,FALSE,FALSE,FALSE,FALSE,TRUE
0,74,88200,88332,132,44,"D5",2,TRUE,FALSE,FALSE,FALSE,TRUE
0,64,88320,88440,120,37,"E4",4,FALSE,FALSE,FALSE,FALSE,TRUE
0,73,88320,88440,120,50,"C#5",1,FALSE,TRUE,FALSE,FALSE,TRUE
0,67,88562,88681,119,29,"G4",7,TRUE,FALSE,FALSE,FALSE,TRUE
0,76,89280,89401,121,50,"E5",4,FALSE,FALSE,FALSE,FALSE,TRUE
0,66,89401,89532,131,38,"F#4",6,FALSE,FALSE,FALSE,FALSE,TRUE
0,67,89521,89652,131,38,"G4",7,TRUE,FALSE,FALSE,FALSE,TRUE
0,66,89640,89772,132,38,"F#4",6,FALSE,FALSE,FALSE,FALSE,TRUE
0,62,89880,90014,134,40,"D4",2,TRUE,FALSE,FALSE,FALSE,TRUE
0,61,90002,90132,130,40,"C#4",1,FALSE,TRUE,FALSE,FALSE,TRUE
0,57,91200,91320,120,36,"A3",9,FALSE,FALSE,FALSE,FALSE,TRUE
0,79,91200,91290,90,47,"G5",7,TRUE,FALSE,FALSE,FALSE,TRUE
0,79,91360,91448,88,48,"G5",7,TRUE,FALSE,FALSE,FALSE,TRUE
0,61,91441,91560,119,26,"C#4",1,FALSE,TRUE,FALSE,FALSE,TRUE
0,79,91841,91927,86,44,"G5",7,TRUE,FALSE,FALSE,FALSE,TRUE
0,61,91922,92042,120,30,"C#4",1,FALSE,TRUE,FALSE,FALSE,TRUE
0,76,92042,92173,131,44,"E5",4,FALSE,FALSE,FALSE,FALSE,TRUE
0,54,92162,92280,118,37,"F#3",6,FALSE,FALSE,FALSE,FALSE,TRUE
0,54,93480,93613,133,38,"F#3",6,FALSE,FALSE,FALSE,FALSE,TRUE
0,55,93600,93732,132,39,"G3",7,TRUE,FALSE,FALSE,FALSE,TRUE
0,61,93960,94092,132,42,"C#4",1,FALSE,TRUE,FALSE,FALSE,TRUE
0,62,94080,94560,480,44,"D4",2,TRUE,FALSE,FALSE,FALSE,TRUE
0,78,94440,94572,132,49,"F#5",6,FALSE,FALSE,FALSE,FALSE,TRUE
0,79,94560,94692,132,50,"G5",7,TRUE,FALSE,FALSE,FALSE,TRUE
0,85,94922,95053,131,53,"C#6",1,FALSE,TRUE,FALSE,FALSE,TRUE
0,86,95041,95173,132,55,"D6",2,TRUE,FALSE,FALSE,FALSE,TRUE
0,85,95160,95292,132,56,"C#6",1,FALSE,TRUE,FALSE,FALSE,TRUE
0,57,95520,95640,120,37,"A3",9,FALSE,FALSE,FALSE,FALSE,TRUE
0,79,95520,95652,132,56,"G5",7,TRUE,FALSE,FALSE,FALSE,TRUE
0,78,95640,95772,132,55,"F#5",6,FALSE,FALSE,FALSE,FALSE,TRUE
0,76,96241,96372,131,45,"E5",4,FALSE,FALSE,FALSE,FALSE,TRUE
0,75,96360,96493,133,43,"D#5",3,FALSE,TRUE,FALSE,FALSE,TRUE
0,76,96481,96612,131,45,"E5",4,FALSE,FALSE,FALSE,FALSE,TRUE
0,78,96600,96733,133,47,"F#5",6,FALSE,FALSE,FALSE,FALSE,TRUE
0,79,96721,96852,131,49,"G5",7,TRUE,FALSE,FALSE,FALSE,TRUE
0,79,97201,97332,131,53,"G5",7,TRUE,FALSE,FALSE,FALSE,TRUE
0,78,97320,97452,132,51,"F#5",6,FALSE,FALSE,FALSE,FALSE,TRUE
0,55,97440,97560,120,30,"G3",7,TRUE,FALSE,FALSE,FALSE,TRUE
0,74,97560,97692,132,48,"D5",2,TRUE,FALSE,FALSE,FALSE,TRUE
0,56,97681,97800,119,30,"G#3",8,FALSE,TRUE,FALSE,FALSE,TRUE
0,73,97922,98053,131,50,"C#5",1,FALSE,TRUE,FALSE,FALSE,TRUE
0,74,98041,98172,131,42,"D5",2,TRUE,FALSE,FALSE,FALSE,TRUE
0,55,98160,98402,242,40,"G3",7,TRUE,FALSE,FALSE,FALSE,TRUE
0,73,98160,98292,132,42,"C#5",1,FALSE,TRUE,FALSE,FALSE,TRUE
0,50,98640,98760,120,40,"D3",2,TRUE,FALSE,FALSE,FALSE,TRUE
0,49,98880,99121,241,50,"C#3",1,FALSE,TRUE,FALSE,FALSE,TRUE
0,79,98880,99013,133,55,"G5",7,TRUE,FALSE,FALSE,FALSE,TRUE
0,45,99121,99361,240,44,"A2",9,FALSE,FALSE,FALSE,FALSE,TRUE
0,79,99121,99254,133,46,"G5",7,TRUE,FALSE,FALSE,FALSE,TRUE
0,79,99361,99492,131,56,"G5",7,TRUE,FALSE,FALSE,FALSE,TRUE
0,78,99480,99612,132,47,"F#5",6,FALSE,FALSE,FALSE,FALSE,TRUE
0,54,99600,99722,122,44,"F#3",6,FALSE,FALSE,FALSE,FALSE,TRUE
0,76,99600,99732,132,48,"E5",4,FALSE,FALSE,FALSE,FALSE,TRUE
0,73,99840,99972,132,57,"C#5",1,FALSE,TRUE,FALSE,FALSE,TRUE
0,74,99960,100092,132,47,"D5",2,TRUE,FALSE,FALSE,FALSE,TRUE
0,55,100080,100322,242,44,"G3",7,TRUE,FALSE,FALSE,FALSE,TRUE
0,73,100080,100212,132,47,"C#5",1,FALSE,TRUE,FALSE,FALSE,TRUE
0,50,100562,100680,118,45,"D3",2,TRUE,FALSE,FALSE,FALSE,TRUE
0,49,100801,101040,239,54,"C#3",1,FALSE,TRUE,FALSE,FALSE,TRUE
0,79,100801,100932,131,65,"G5",7,TRUE,FALSE,FALSE,FALSE,TRUE
0,45,101040,101280,240,47,"A2",9,FALSE,FALSE,FALSE,FALSE,TRUE
0,79,101040,101172,132,54,"G5",7,TRUE,FALSE,FALSE,FALSE,TRUE
0,79,101280,101412,132,70,"G5",7,TRUE,FALSE,FALSE,TRUE,TRUE
0,78,101400,101533,133,56,"F#5",6,FALSE,FALSE,FALSE,FALSE,TRUE
0,54,101521,101640,119,48,"F#3",6,FALSE,FALSE,FALSE,FALSE,TRUE
0,76,101521,101653,132,56,"E5",4,FALSE,FALSE,FALSE,FALSE,TRUE
0,73,101761,101880,119,79,"C#5",1,FALSE,TRUE,FALSE,TRUE,FALSE
0,78,102240,102360,120,74,"F#5",6,FALSE,FALSE,FALSE,TRUE,FALSE
0,73,102721,102842,121,77,"C#5",1,FALSE,TRUE,FALSE,TRUE,FALSE
0,78,103200,103322,122,77,"F#5",6,FALSE,FALSE,FALSE,TRUE,FALSE
0,74,103560,103682,122,64,"D5",2,TRUE,FALSE,FALSE,FALSE,TRUE
0,73,103682,103772,90,69,"C#5",1,FALSE,TRUE,FALSE,TRUE,TRUE
0,76,103682,103772,90,84,"E5",4,FALSE,FALSE,FALSE,TRUE,FALSE
0,81,103921,104010,89,74,"A5",9,FALSE,FALSE,FALSE,TRUE,FALSE
0,81,104161,104251,90,74,"A5",9,FALSE,FALSE,FALSE,TRUE,FALSE
0,81,104402,104492,90,74,"A5",9,FALSE,FALSE,FALSE,TRUE,FALSE
0,81,104640,105060,420,74,"A5",9,FALSE,FALSE,FALSE,TRUE,FALSE
0,74,105060,105120,60,41,"D5",2,TRUE,FALSE,FALSE,FALSE,TRUE
0,73,105120,105242,122,42,"C#5",1,FALSE,TRUE,FALSE,FALSE,TRUE
0,73,105361,105480,119,40,"C#5",1,FALSE,TRUE,FALSE,FALSE,TRUE
0,74,105480,105600,120,40,"D5",2,TRUE,FALSE,FALSE,FALSE,TRUE
0,57,105600,105840,240,34,"A3",9,FALSE,FALSE,FALSE,FALSE,TRUE
0,75,105600,105840,240,45,"D#5",3,FALSE,TRUE,FALSE,FALSE,TRUE
0,80,106802,107040,238,42,"G#5",8,FALSE,TRUE,FALSE,FALSE,TRUE
0,57,107040,107280,240,29,"A3",9,FALSE,FALSE,FALSE,FALSE,TRUE
0,74,108240,108480,240,40,"D5",2,TRUE,FALSE,FALSE,FALSE,TRUE
0,56,108480,108722,242,34,"G#3",8,FALSE,TRUE,FALSE,FALSE,TRUE
0,74,108722,108960,238,42,"D5",2,TRUE,FALSE,FALSE,FALSE,TRUE
0,52,108960,109200,240,30,"E3",4,FALSE,FALSE,FALSE,FALSE,TRUE
0,73,108960,109200,240,45,"C#5",1,FALSE,TRUE,FALSE,FALSE,TRUE
0,62,109200,109440,240,28,"D4",2,TRUE,FALSE,FALSE,FALSE,TRUE
0,71,109200,109440,240,42,"B4",11,FALSE,FALSE,FALSE,FALSE,TRUE
0,61,109440,109681,241,34,"C#4",1,FALSE,TRUE,FALSE,FALSE,TRUE
0,69,109681,109920,239,44,"A4",9,FALSE,FALSE,FALSE,FALSE,TRUE
0,56,109920,110160,240,30,"G#3",8,FALSE,TRUE,FALSE,FALSE,TRUE
0,54,110880,111120,240,29,"F#3",6,FALSE,FALSE,FALSE,FALSE,TRUE
0,76,111060,111120,60,42,"E5",4,FALSE,FALSE,FALSE,FALSE,TRUE
0,74,111120,111360,240,47,"D5",2,TRUE,FALSE,FALSE,FALSE,TRUE
0,52,111360,111601,241,34,"E3",4,FALSE,FALSE,FALSE,FALSE,TRUE
0,74,112082,112200,118,44,"D5",2,TRUE,FALSE,FALSE,FALSE,TRUE
0,73,112200,112320,120,42,"C#5",1,FALSE,TRUE,FALSE,FALSE,TRUE
0,73,112560,112681,121,42,"C#5",1,FALSE,TRUE,FALSE,FALSE,TRUE
0,74,112801,112920,119,44,"D5",2,TRUE,FALSE,FALSE,FALSE,TRUE
0,75,113041,113162,121,47,"D#5",3,FALSE,TRUE,FALSE,FALSE,TRUE
0,57,113280,113520,240,34,"A3",9,FALSE,FALSE,FALSE,FALSE,TRUE
0,75,113280,113520,240,45,"D#5",3,FALSE,TRUE,FALSE,FALSE,TRUE
0,76,114062,114120,58,37,"E5",4,FALSE,FALSE,FALSE,FALSE,TRUE
0,75,114120,114180,60,37,"D#5",3,FALSE,TRUE,FALSE,FALSE,TRUE
0,76,114180,114240,60,37,"E5",4,FALSE,FALSE,FALSE,FALSE,TRUE
0,80,114481,114600,119,42,"G#5",8,FALSE,TRUE,FALSE,FALSE,TRUE
0,57,114720,114960,240,29,"A3",9,FALSE,FALSE,FALSE,FALSE,TRUE
0,74,115981,116040,59,37,"D5",2,TRUE,FALSE,FALSE,FALSE,TRUE
0,73,116040,116100,60,37,"C#5",1,FALSE,TRUE,FALSE,FALSE,TRUE
0,74,116100,116160,60,37,"D5",2,TRUE,FALSE,FALSE,FALSE,TRUE
0,56,116160,116401,241,34,"G#3",8,FALSE,TRUE,FALSE,FALSE,TRUE
0,74,116401,116520,119,42,"D5",2,TRUE,FALSE,FALSE,FALSE,TRUE
0,52,116640,116880,240,30,"E3",4,FALSE,FALSE,FALSE,FALSE,TRUE
0,69,118080,118560,480,45,"A4",9,FALSE,FALSE,FALSE,FALSE,TRUE
0,59,118560,119041,481,30,"B3",11,FALSE,FALSE,FALSE,FALSE,TRUE
0,68,118560,118622,62,43,"G#4",8,FALSE,TRUE,FALSE,FALSE,TRUE
0,69,118622,118680,58,39,"A4",9,FALSE,FALSE,FALSE,FALSE,TRUE
0,68,118680,118740,60,43,"G#4",8,FALSE,TRUE,FALSE,FALSE,TRUE
0,69,118740,118801,61,40,"A4",9,FALSE,FALSE,FALSE,FALSE,TRUE
0,68,118801,118880,79,43,"G#4",8,FALSE,TRUE,FALSE,FALSE,TRUE
0,68,118960,119041,81,40,"G#4",8,FALSE,TRUE,FALSE,FALSE,TRUE
0,57,119041,119520,479,38,"A3",9,FALSE,FALSE,FALSE,FALSE,TRUE
0,76,119161,119280,119,44,"E5",4,FALSE,FALSE,FALSE,FALSE,TRUE
0,75,119280,119400,120,47,"D#5",3,FALSE,TRUE,FALSE,FALSE,TRUE
0,76,119400,119520,120,43,"E5",4,FALSE,FALSE,FALSE,FALSE,TRUE
0,69,119761,119880,119,51,"A4",9,FALSE,FALSE,FALSE,FALSE,TRUE
0,75,119761,119880,119,51,"D#5",3,FALSE,TRUE,FALSE,FALSE,TRUE
0,76,119880,120001,121,51,"E5",4,FALSE,FALSE,FALSE,FALSE,TRUE
0,68,120480,120600,120,58,"G#4",8,FALSE,TRUE,FALSE,FALSE,TRUE
0,74,120480,120600,120,62,"D5",2,TRUE,FALSE,FALSE,FALSE,TRUE
0,64,120721,120841,120,53,"E4",4,FALSE,FALSE,FALSE,FALSE,TRUE
0,74,120721,120841,120,52,"D5",2,TRUE,FALSE,FALSE,FALSE,TRUE
0,76,121081,121200,119,44,"E5",4,FALSE,FALSE,FALSE,FALSE,TRUE
0,75,121200,121320,120,47,"D#5",3,FALSE,TRUE,FALSE,FALSE,TRUE
0,76,121320,121440,120,43,"E5",4,FALSE,FALSE,FALSE,FALSE,TRUE
0,57,121682,121800,118,52,"A3",9,FALSE,FALSE,FALSE,FALSE,TRUE
0,75,121682,121800,118,51,"D#5",3,FALSE,TRUE,FALSE,FALSE,TRUE
0,76,121800,121920,120,51,"E5",4,FALSE,FALSE,FALSE,FALSE,TRUE
0,56,122400,122520,120,57,"G#3",8,FALSE,TRUE,FALSE,FALSE,TRUE
0,74,122400,122520,120,62,"D5",2,TRUE,FALSE,FALSE,FALSE,TRUE
0,52,122640,122760,120,53,"E3",4,FALSE,FALSE,FALSE,FALSE,TRUE
0,74,122640,122760,120,52,"D5",2,TRUE,FALSE,FALSE,FALSE,TRUE
0,64,123000,123121,121,35,"E4",4,FALSE,FALSE,FALSE,FALSE,TRUE
0,63,123121,123241,120,37,"D#4",3,FALSE,TRUE,FALSE,FALSE,TRUE
0,64,123241,123361,120,34,"E4",4,FALSE,FALSE,FALSE,FALSE,TRUE
0,64,123480,123600,120,37,"E4",4,FALSE,FALSE,FALSE,FALSE,TRUE
0,63,123600,123720,120,40,"D#4",3,FALSE,TRUE,FALSE,FALSE,TRUE
0,81,123600,123720,120,57,"A5",9,FALSE,FALSE,FALSE,FALSE,TRUE
0,62,124320,124440,120,49,"D4",2,TRUE,FALSE,FALSE,FALSE,TRUE
0,80,124320,124440,120,63,"G#5",8,FALSE,TRUE,FALSE,FALSE,TRUE
0,64,124920,125041,121,35,"E4",4,FALSE,FALSE,FALSE,FALSE,TRUE
0,63,125041,125161,120,37,"D#4",3,FALSE,TRUE,FALSE,FALSE,TRUE
0,64,125161,125281,120,34,"E4",4,FALSE,FALSE,FALSE,FALSE,TRUE
0,45,125520,125640,120,57,"A2",9,FALSE,FALSE,FALSE,FALSE,TRUE
0,63,125520,125640,120,40,"D#4",3,FALSE,TRUE,FALSE,FALSE,TRUE
0,64,125640,125760,120,40,"E4",4,FALSE,FALSE,FALSE,FALSE,TRUE
0,44,126241,126360,119,60,"G#2",8,FALSE,TRUE,FALSE,FALSE,TRUE
0,62,126241,126360,119,49,"D4",2,TRUE,FALSE,FALSE,FALSE,TRUE
0,40,126481,126601,120,58,"E2",4,FALSE,FALSE,FALSE,FALSE,TRUE
0,62,126481,126601,120,41,"D4",2,TRUE,FALSE,FALSE,FALSE,TRUE
0,69,127560,127680,120,29,"A4",9,FALSE,FALSE,FALSE,FALSE,TRUE
0,59,127680,127801,121,35,"B3",11,FALSE,FALSE,FALSE,FALSE,TRUE
0,69,127801,127921,120,30,"A4",9,FALSE,FALSE,FALSE,FALSE,TRUE
0,59,127921,128040,119,30,"B3",11,FALSE,FALSE,FALSE,FALSE,TRUE
0,69,128040,128161,121,30,"A4",9,FALSE,FALSE,FALSE,FALSE,TRUE
0,69,128761,128880,119,30,"A4",9,FALSE,FALSE,FALSE,FALSE,TRUE
0,68,128880,129001,121,30,"G#4",8,FALSE,TRUE,FALSE,FALSE,TRUE
0,69,129001,129121,120,30,"A4",9,FALSE,FALSE,FALSE,FALSE,TRUE
0,80,129001,129040,39,45,"G#5",8,FALSE,TRUE,FALSE,FALSE,TRUE
0,69,129240,129362,122,30,"A4",9,FALSE,FALSE,FALSE,FALSE,TRUE
0,68,129362,129480,118,30,"G#4",8,FALSE,TRUE,FALSE,FALSE,TRUE
0,80,129362,129480,118,47,"G#5",8,FALSE,TRUE,FALSE,FALSE,TRUE
0,69,129480,129600,120,30,"A4",9,FALSE,FALSE,FALSE,FALSE,TRUE
0,69,129721,129840,119,32,"A4",9,FALSE,FALSE,FALSE,FALSE,TRUE
0,68,129840,129961,121,32,"G#4",8,FALSE,TRUE,FALSE,FALSE,TRUE
0,81,129840,130080,240,45,"A5",9,FALSE,FALSE,FALSE,FALSE,TRUE
0,62,130080,130202,122,34,"D4",2,TRUE,FALSE,FALSE,FALSE,TRUE
0,80,130080,130321,241,47,"G#5",8,FALSE,TRUE,FALSE,FALSE,TRUE
0,69,130202,130321,119,30,"A4",9,FALSE,FALSE,FALSE,FALSE,TRUE
0,68,130321,130441,120,30,"G#4",8,FALSE,TRUE,FALSE,FALSE,TRUE
0,78,130321,130560,239,45,"F#5",6,FALSE,FALSE,FALSE,FALSE,TRUE
0,69,130680,130800,120,37,"A4",9,FALSE,FALSE,FALSE,FALSE,TRUE
0,68,130800,130920,120,28,"G#4",8,FALSE,TRUE,FALSE,FALSE,TRUE
0,69,130920,131040,120,28,"A4",9,FALSE,FALSE,FALSE,FALSE,TRUE
0,69,131400,131520,120,37,"A4",9,FALSE,FALSE,FALSE,FALSE,TRUE
0,59,131520,131641,121,45,"B3",11,FALSE,FALSE,FALSE,FALSE,TRUE
0,69,131641,131761,120,39,"A4",9,FALSE,FALSE,FALSE,FALSE,TRUE
0,59,131761,131881,120,39,"B3",11,FALSE,FALSE,FALSE,FALSE,TRUE
0,69,131881,132001,120,39,"A4",9,FALSE,FALSE,FALSE,FALSE,TRUE
0,73,133980,134041,61,49,"C#5",1,FALSE,TRUE,FALSE,FALSE,TRUE
0,62,134041,134160,119,39,"D4",2,TRUE,FALSE,FALSE,FALSE,TRUE
0,69,135241,135361,120,29,"A4",9,FALSE,FALSE,FALSE,FALSE,TRUE
0,59,135361,135480,119,35,"B3",11,FALSE,FALSE,FALSE,FALSE,TRUE
0,69,135480,135602,122,30,"A4",9,FALSE,FALSE,FALSE,FALSE,TRUE
0,59,135602,135720,118,30,"B3",11,FALSE,FALSE,FALSE,FALSE,TRUE
0,69,135720,135840,120,30,"A4",9,FALSE,FALSE,FALSE,FALSE,TRUE
0,69,136440,136561,121,30,"A4",9,FALSE,FALSE,FALSE,FALSE,TRUE
0,68,136561,136680,119,30,"G#4",8,FALSE,TRUE,FALSE,FALSE,TRUE
0,69,136680,136800,120,30,"A4",9,FALSE,FALSE,FALSE,FALSE,TRUE
0,80,136680,136721,41,45,"G#5",8,FALSE,TRUE,FALSE,FALSE,TRUE
0,69,136920,137041,121,30,"A4",9,FALSE,FALSE,FALSE,FALSE,TRUE
0,68,137041,137161,120,30,"G#4",8,FALSE,TRUE,FALSE,FALSE,TRUE
0,80,137041,137161,120,47,"G#5",8,FALSE,TRUE,FALSE,FALSE,TRUE
0,69,137161,137280,119,30,"A4",9,FALSE,FALSE,FALSE,FALSE,TRUE
0,69,137402,137521,119,32,"A4",9,FALSE,FALSE,FALSE,FALSE,TRUE
0,68,137521,137641,120,32,"G#4",8,FALSE,TRUE,FALSE,FALSE,TRUE
0,81,137521,137760,239,45,"A5",9,FALSE,FALSE,FALSE,FALSE,TRUE
0,62,137760,137880,120,34,"D4",2,TRUE,FALSE,FALSE,FALSE,TRUE
0,80,137760,138000,240,47,"G#5",8,FALSE,TRUE,FALSE,FALSE,TRUE
0,69,137880,138000,120,30,"A4",9,FALSE,FALSE,FALSE,FALSE,TRUE
0,68,138000,138120,120,30,"G#4",8,FALSE,TRUE,FALSE,FALSE,TRUE
0,78,138000,138240,240,45,"F#5",6,FALSE,FALSE,FALSE,FALSE,TRUE
0,69,138360,138482,122,37,"A4",9,FALSE,FALSE,FALSE,FALSE,TRUE
0,68,138482,138600,118,28,"G#4",8,FALSE,TRUE,FALSE,FALSE,TRUE
0,69,138600,138720,120,28,"A4",9,FALSE,FALSE,FALSE,FALSE,TRUE
0,69,139080,139200,120,37,"A4",9,FALSE,FALSE,FALSE,FALSE,TRUE
0,59,139200,139320,120,45,"B3",11,FALSE,FALSE,FALSE,FALSE,TRUE
0,69,139320,139442,122,39,"A4",9,FALSE,FALSE,FALSE,FALSE,TRUE
0,59,139442,139560,118,39,"B3",11,FALSE,FALSE,FALSE,FALSE,TRUE
0,69,139560,139680,120,39,"A4",9,FALSE,FALSE,FALSE,FALSE,TRUE
0,73,141661,141720,59,49,"C#5",1,FALSE,TRUE,FALSE,FALSE,TRUE
0,62,141720,141842,122,39,"D4",2,TRUE,FALSE,FALSE,FALSE,TRUE
0,69,144000,144240,240,75,"A4",9,FALSE,FALSE,FALSE,TRUE,FALSE
0,41,144480,144720,240,52,"F2",5,TRUE,TRUE,FALSE,FALSE,FALSE
0,53,144480,144720,240,63,"F3",5,TRUE,TRUE,FALSE,FALSE,TRUE
0,71,144480,144720,240,64,"B4",11,FALSE,FALSE,FALSE,FALSE,TRUE
0,74,144480,144720,240,64,"D5",2,TRUE,FALSE,FALSE,FALSE,TRUE
0,80,144480,144720,240,75,"G#5",8,FALSE,TRUE,FALSE,TRUE,TRUE
0,81,144960,145201,241,75,"A5",9,FALSE,FALSE,FALSE,TRUE,FALSE
0,74,145920,146160,240,47,"D5",2,TRUE,FALSE,FALSE,FALSE,TRUE
0,64,146160,146281,121,36,"E4",4,FALSE,FALSE,FALSE,FALSE,TRUE
0,73,146401,146640,239,47,"C#5",1,FALSE,TRUE,FALSE,FALSE,TRUE
0,62,146640,146760,120,35,"D4",2,TRUE,FALSE,FALSE,FALSE,TRUE
0,52,146881,147840,959,40,"E3",4,FALSE,FALSE,FALSE,FALSE,TRUE
0,62,146881,147121,240,39,"D4",2,TRUE,FALSE,FALSE,FALSE,TRUE
0,71,146881,147121,240,47,"B4",11,FALSE,FALSE,FALSE,FALSE,TRUE
0,61,147121,147241,120,34,"C#4",1,FALSE,TRUE,FALSE,FALSE,TRUE
0,69,147360,147600,240,47,"A4",9,FALSE,FALSE,FALSE,FALSE,TRUE
0,59,147600,147721,121,34,"B3",11,FALSE,FALSE,FALSE,FALSE,TRUE
0,68,147600,147721,121,41,"G#4",8,FALSE,TRUE,FALSE,FALSE,TRUE
0,57,147840,148320,480,39,"A3",9,FALSE,FALSE,FALSE,FALSE,TRUE
0,62,147840,148801,961,45,"D4",2,TRUE,FALSE,FALSE,FALSE,TRUE
0,68,147840,148801,961,54,"G#4",8,FALSE,TRUE,FALSE,FALSE,TRUE
0,79,150240,150480,240,47,"G5",7,TRUE,FALSE,FALSE,FALSE,TRUE
0,78,150480,150602,122,42,"F#5",6,FALSE,FALSE,FALSE,FALSE,TRUE
0,76,151201,151440,239,55,"E5",4,FALSE,FALSE,FALSE,FALSE,TRUE
0,75,151440,151560,120,50,"D#5",3,FALSE,TRUE,FALSE,FALSE,TRUE
0,59,151682,153600,1918,44,"B3",11,FALSE,FALSE,FALSE,FALSE,TRUE
0,72,151682,151921,239,62,"C5",0,TRUE,FALSE,FALSE,FALSE,TRUE
0,67,153121,153360,239,58,"G4",7,TRUE,FALSE,FALSE,FALSE,TRUE
0,66,153360,153480,120,44,"F#4",6,FALSE,FALSE,FALSE,FALSE,TRUE
0,75,153600,153841,241,47,"D#5",3,FALSE,TRUE,FALSE,FALSE,TRUE
0,76,153841,153960,119,43,"E5",4,FALSE,FALSE,FALSE,FALSE,TRUE
0,77,154562,154800,238,47,"F5",5,TRUE,TRUE,FALSE,FALSE,TRUE
0,78,154800,154921,121,43,"F#5",6,FALSE,FALSE,FALSE,FALSE,TRUE
0,71,155040,155281,241,43,"B4",11,FALSE,FALSE,FALSE,FALSE,TRUE
0,81,155281,155521,240,43,"A5",9,FALSE,FALSE,FALSE,FALSE,TRUE
0,47,155521,155761,240,69,"B2",11,FALSE,FALSE,FALSE,TRUE,TRUE
0,79,156480,156960,480,51,"G5",7,TRUE,FALSE,FALSE,FALSE,TRUE
0,42,156721,156841,120,52,"F#2",6,FALSE,FALSE,FALSE,FALSE,TRUE
0,79,157440,157681,241,47,"G5",7,TRUE,FALSE,FALSE,FALSE,TRUE
0,78,157681,157800,119,43,"F#5",6,FALSE,FALSE,FALSE,FALSE,TRUE
0,74,158880,159120,240,55,"D5",2,TRUE,FALSE,FALSE,FALSE,TRUE
0,73,159120,159240,120,50,"C#5",1,FALSE,TRUE,FALSE,FALSE,TRUE
0,57,159360,161280,1920,44,"A3",9,FALSE,FALSE,FALSE,FALSE,TRUE
0,70,159360,159601,241,68,"A#4",10,TRUE,TRUE,FALSE,FALSE,TRUE
0,67,160320,160560,240,63,"G4",7,TRUE,FALSE,FALSE,FALSE,TRUE
0,66,160560,160680,120,53,"F#4",6,FALSE,FALSE,FALSE,FALSE,TRUE
0,73,161280,161520,240,47,"C#5",1,FALSE,TRUE,FALSE,FALSE,TRUE
0,74,161520,161642,122,43,"D5",2,TRUE,FALSE,FALSE,FALSE,TRUE
0,75,162241,162481,240,47,"D#5",3,FALSE,TRUE,FALSE,FALSE,TRUE
0,76,162481,162600,119,43,"E5",4,FALSE,FALSE,FALSE,FALSE,TRUE
0,69,162721,162960,239,43,"A4",9,FALSE,FALSE,FALSE,FALSE,TRUE
0,79,162960,163200,240,43,"G5",7,TRUE,FALSE,FALSE,FALSE,TRUE
0,45,163200,163441,241,69,"A2",9,FALSE,FALSE,FALSE,TRUE,TRUE
0,43,163681,163921,240,67,"G2",7,TRUE,FALSE,FALSE,FALSE,TRUE
0,42,163921,164040,119,59,"F#2",6,FALSE,FALSE,FALSE,FALSE,TRUE
0,86,165240,165361,121,44,"D6",2,TRUE,FALSE,FALSE,FALSE,TRUE
0,61,165361,165480,119,42,"C#4",1,FALSE,TRUE,FALSE,FALSE,TRUE
0,86,165480,165601,121,44,"D6",2,TRUE,FALSE,FALSE,FALSE,TRUE
0,61,165601,165840,239,53,"C#4",1,FALSE,TRUE,FALSE,FALSE,TRUE
0,86,166681,166800,119,55,"D6",2,TRUE,FALSE,FALSE,FALSE,TRUE
0,56,166800,166920,120,52,"G#3",8,FALSE,TRUE,FALSE,FALSE,TRUE
0,78,166800,166920,120,60,"F#5",6,FALSE,FALSE,FALSE,FALSE,TRUE
0,86,166920,167040,120,55,"D6",2,TRUE,FALSE,FALSE,FALSE,TRUE
0,44,167040,168001,961,56,"G#2",8,FALSE,TRUE,FALSE,FALSE,TRUE
0,76,167040,167160,120,64,"E5",4,FALSE,FALSE,FALSE,FALSE,TRUE
0,86,167160,167281,121,57,"D6",2,TRUE,FALSE,FALSE,FALSE,TRUE
0,76,167281,167400,119,63,"E5",4,FALSE,FALSE,FALSE,FALSE,TRUE
0,86,167400,167520,120,57,"D6",2,TRUE,FALSE,FALSE,FALSE,TRUE
0,76,167520,167641,121,63,"E5",4,FALSE,FALSE,FALSE,FALSE,TRUE
0,86,167641,167761,120,57,"D6",2,TRUE,FALSE,FALSE,FALSE,TRUE
0,76,167761,167881,120,63,"E5",4,FALSE,FALSE,FALSE,FALSE,TRUE
0,86,167881,168001,120,57,"D6",2,TRUE,FALSE,FALSE,FALSE,TRUE
0,46,168001,168960,959,51,"A#2",10,TRUE,TRUE,FALSE,FALSE,FALSE
0,58,168001,168960,959,61,"A#3",10,TRUE,TRUE,FALSE,FALSE,TRUE
0,76,168001,168120,119,63,"E5",4,FALSE,FALSE,FALSE,FALSE,TRUE
0,74,168960,169081,121,47,"D5",2,TRUE,FALSE,FALSE,FALSE,TRUE
0,85,169081,169200,119,44,"C#6",1,FALSE,TRUE,FALSE,FALSE,TRUE
0,74,169200,169321,121,48,"D5",2,TRUE,FALSE,FALSE,FALSE,TRUE
0,85,169321,169440,119,44,"C#6",1,FALSE,TRUE,FALSE,FALSE,TRUE
0,74,169440,169561,121,51,"D5",2,TRUE,FALSE,FALSE,FALSE,TRUE
0,85,169561,169680,119,47,"C#6",1,FALSE,TRUE,FALSE,FALSE,TRUE
0,55,169680,169802,122,46,"G3",7,TRUE,FALSE,FALSE,FALSE,TRUE
0,74,169680,169802,122,52,"D5",2,TRUE,FALSE,FALSE,FALSE,TRUE
0,85,169802,169920,118,47,"C#6",1,FALSE,TRUE,FALSE,FALSE,TRUE
0,55,169920,170161,241,58,"G3",7,TRUE,FALSE,FALSE,FALSE,TRUE
0,83,170522,170641,119,55,"B5",11,FALSE,FALSE,FALSE,FALSE,TRUE
0,53,170641,170760,119,52,"F3",5,TRUE,TRUE,FALSE,FALSE,TRUE
0,83,170760,170881,121,55,"B5",11,FALSE,FALSE,FALSE,FALSE,TRUE
0,41,170881,171840,959,56,"F2",5,TRUE,TRUE,FALSE,FALSE,TRUE
0,53,170881,171840,959,66,"F3",5,TRUE,TRUE,FALSE,FALSE,FALSE
0,73,170881,171000,119,64,"C#5",1,FALSE,TRUE,FALSE,FALSE,TRUE
0,83,171000,171121,121,57,"B5",11,FALSE,FALSE,FALSE,FALSE,TRUE
0,73,171121,171241,120,63,"C#5",1,FALSE,TRUE,FALSE,FALSE,TRUE
0,83,171241,171361,120,57,"B5",11,FALSE,FALSE,FALSE,FALSE,TRUE
0,73,171361,171480,119,63,"C#5",1,FALSE,TRUE,FALSE,FALSE,TRUE
0,83,171480,171600,120,57,"B5",11,FALSE,FALSE,FALSE,FALSE,TRUE
0,73,171600,171720,120,63,"C#5",1,FALSE,TRUE,FALSE,FALSE,TRUE
0,83,171720,171840,120,57,"B5",11,FALSE,FALSE,FALSE,FALSE,TRUE
0,54,171840,172800,960,61,"F#3",6,FALSE,FALSE,FALSE,FALSE,TRUE
0,72,171840,171960,120,63,"C5",0,TRUE,FALSE,FALSE,FALSE,TRUE
0,71,172800,173280,480,41,"B4",11,FALSE,FALSE,FALSE,FALSE,TRUE
0,81,172800,173040,240,51,"A5",9,FALSE,FALSE,FALSE,FALSE,TRUE
0,55,173760,173880,120,41,"G3",7,TRUE,FALSE,FALSE,FALSE,TRUE
0,77,173760,174241,481,40,"F5",5,TRUE,TRUE,FALSE,FALSE,TRUE
0,85,174000,174180,180,47,"C#6",1,FALSE,TRUE,FALSE,FALSE,TRUE
0,62,174121,174241,120,35,"D4",2,TRUE,FALSE,FALSE,FALSE,TRUE
0,55,174241,174361,120,41,"G3",7,TRUE,FALSE,FALSE,FALSE,TRUE
0,85,174241,174480,239,51,"C#6",1,FALSE,TRUE,FALSE,FALSE,TRUE
0,62,174361,174480,119,36,"D4",2,TRUE,FALSE,FALSE,FALSE,TRUE
0,54,174720,174841,121,45,"F#3",6,FALSE,FALSE,FALSE,FALSE,TRUE
0,79,174720,174960,240,59,"G5",7,TRUE,FALSE,FALSE,FALSE,TRUE
0,82,174720,175680,960,59,"A#5",10,TRUE,TRUE,FALSE,FALSE,FALSE
0,58,174960,175081,121,45,"A#3",10,TRUE,TRUE,FALSE,FALSE,FALSE
0,58,175440,175560,120,45,"A#3",10,TRUE,TRUE,FALSE,FALSE,TRUE
0,76,175440,175621,181,51,"E5",4,FALSE,FALSE,FALSE,FALSE,TRUE
0,53,175680,175801,121,45,"F3",5,TRUE,TRUE,FALSE,FALSE,FALSE
0,62,175801,175920,119,39,"D4",2,TRUE,FALSE,FALSE,FALSE,TRUE
0,56,175920,176040,120,45,"G#3",8,FALSE,TRUE,FALSE,FALSE,TRUE
0,73,175920,176100,180,51,"C#5",1,FALSE,TRUE,FALSE,FALSE,TRUE
0,62,176040,176162,122,38,"D4",2,TRUE,FALSE,FALSE,FALSE,TRUE
0,53,176162,176280,118,45,"F3",5,TRUE,TRUE,FALSE,FALSE,FALSE
0,73,176162,176401,239,61,"C#5",1,FALSE,TRUE,FALSE,FALSE,TRUE
0,62,176280,176401,121,39,"D4",2,TRUE,FALSE,FALSE,FALSE,TRUE
0,56,176401,176520,119,45,"G#3",8,FALSE,TRUE,FALSE,FALSE,TRUE
0,54,176640,177602,962,40,"F#3",6,FALSE,FALSE,FALSE,FALSE,TRUE
0,67,176640,176880,240,39,"G4",7,TRUE,FALSE,FALSE,FALSE,TRUE
0,76,176640,176880,240,47,"E5",4,FALSE,FALSE,FALSE,FALSE,TRUE
0,66,176880,177001,121,36,"F#4",6,FALSE,FALSE,FALSE,FALSE,TRUE
0,74,177120,177360,240,47,"D5",2,TRUE,FALSE,FALSE,FALSE,TRUE
0,64,177360,177480,120,35,"E4",4,FALSE,FALSE,FALSE,FALSE,TRUE
0,42,177602,178560,958,40,"F#2",6,FALSE,FALSE,FALSE,FALSE,TRUE
0,64,177602,177841,239,39,"E4",4,FALSE,FALSE,FALSE,FALSE,TRUE
0,73,177602,177841,239,47,"C#5",1,FALSE,TRUE,FALSE,FALSE,TRUE
0,62,177841,177960,119,34,"D4",2,TRUE,FALSE,FALSE,FALSE,TRUE
0,71,178080,178321,241,47,"B4",11,FALSE,FALSE,FALSE,FALSE,TRUE
0,61,178321,178440,119,34,"C#4",1,FALSE,TRUE,FALSE,FALSE,TRUE
0,70,178321,178440,119,41,"A#4",10,TRUE,TRUE,FALSE,FALSE,TRUE
0,47,178560,179040,480,39,"B2",11,FALSE,FALSE,FALSE,FALSE,TRUE
0,64,178560,179520,960,45,"E4",4,FALSE,FALSE,FALSE,FALSE,TRUE
0,70,178560,179520,960,54,"A#4",10,TRUE,TRUE,FALSE,FALSE,TRUE
0,66,181440,181921,481,51,"F#4",6,FALSE,FALSE,FALSE,FALSE,TRUE
0,72,181440,181921,481,61,"C5",0,TRUE,FALSE,FALSE,FALSE,TRUE
0,74,182400,183121,721,46,"D5",2,TRUE,FALSE,FALSE,FALSE,TRUE
0,75,183121,183360,239,40,"D#5",3,FALSE,TRUE,FALSE,FALSE,TRUE
0,54,183360,183840,480,38,"F#3",6,FALSE,FALSE,FALSE,FALSE,TRUE
0,72,183360,183840,480,39,"C5",0,TRUE,FALSE,FALSE,FALSE,TRUE
0,67,185160,185280,120,34,"G4",7,TRUE,FALSE,FALSE,FALSE,TRUE
0,57,185280,185400,120,42,"A3",9,FALSE,FALSE,FALSE,FALSE,TRUE
0,67,185400,185521,121,36,"G4",7,TRUE,FALSE,FALSE,FALSE,TRUE
0,57,185521,185640,119,36,"A3",9,FALSE,FALSE,FALSE,FALSE,TRUE
0,67,185640,185760,120,36,"G4",7,TRUE,FALSE,FALSE,FALSE,TRUE
0,67,186360,186480,120,36,"G4",7,TRUE,FALSE,FALSE,FALSE,TRUE
0,66,186480,186600,120,36,"F#4",6,FALSE,FALSE,FALSE,FALSE,TRUE
0,67,186600,186720,120,36,"G4",7,TRUE,FALSE,FALSE,FALSE,TRUE
0,78,186600,186640,40,54,"F#5",6,FALSE,FALSE,FALSE,FALSE,TRUE
0,67,186841,186961,120,36,"G4",7,TRUE,FALSE,FALSE,FALSE,TRUE
0,66,186961,187080,119,36,"F#4",6,FALSE,FALSE,FALSE,FALSE,TRUE
0,78,186961,187080,119,56,"F#5",6,FALSE,FALSE,FALSE,FALSE,TRUE
0,67,187080,187201,121,36,"G4",7,TRUE,FALSE,FALSE,FALSE,TRUE
0,67,187320,187440,120,38,"G4",7,TRUE,FALSE,FALSE,FALSE,TRUE
0,66,187440,187560,120,38,"F#4",6,FALSE,FALSE,FALSE,FALSE,TRUE
0,79,187440,187560,120,54,"G5",7,TRUE,FALSE,FALSE,FALSE,TRUE
0,60,187680,187800,120,40,"C4",0,TRUE,FALSE,FALSE,FALSE,TRUE
0,78,187680,187920,240,56,"F#5",6,FALSE,FALSE,FALSE,FALSE,TRUE
0,67,187800,187920,120,36,"G4",7,TRUE,FALSE,FALSE,FALSE,TRUE
0,66,187920,188040,120,36,"F#4",6,FALSE,FALSE,FALSE,FALSE,TRUE
0,76,187920,188040,120,54,"E5",4,FALSE,FALSE,FALSE,FALSE,TRUE
0,67,188281,188400,119,44,"G4",7,TRUE,FALSE,FALSE,FALSE,TRUE
0,66,188400,188520,120,33,"F#4",6,FALSE,FALSE,FALSE,FALSE,TRUE
0,67,188520,188641,121,33,"G4",7,TRUE,FALSE,FALSE,FALSE,TRUE
0,67,189000,189120,120,30,"G4",7,TRUE,FALSE,FALSE,FALSE,TRUE
0,57,189120,189240,120,37,"A3",9,FALSE,FALSE,FALSE,FALSE,TRUE
0,67,189240,189361,121,32,"G4",7,TRUE,FALSE,FALSE,FALSE,TRUE
0,57,189361,189480,119,32,"A3",9,FALSE,FALSE,FALSE,FALSE,TRUE
0,67,189480,189601,121,32,"G4",7,TRUE,FALSE,FALSE,FALSE,TRUE
0,71,191580,191641,61,40,"B4",11,FALSE,FALSE,FALSE,FALSE,TRUE
0,60,191641,191760,119,32,"C4",0,TRUE,FALSE,FALSE,FALSE,TRUE
0,67,192840,192960,120,34,"G4",7,TRUE,FALSE,FALSE,FALSE,TRUE
0,57,192960,193080,120,42,"A3",9,FALSE,FALSE,FALSE,FALSE,TRUE
0,67,193080,193201,121,36,"G4",7,TRUE,FALSE,FALSE,FALSE,TRUE
0,57,193201,193320,119,36,"A3",9,FALSE,FALSE,FALSE,FALSE,TRUE
0,67,193320,193441,121,36,"G4",7,TRUE,FALSE,FALSE,FALSE,TRUE
0,67,194040,194160,120,36,"G4",7,TRUE,FALSE,FALSE,FALSE,TRUE
0,66,194160,194281,121,36,"F#4",6,FALSE,FALSE,FALSE,FALSE,TRUE
0,67,194281,194401,120,36,"G4",7,TRUE,FALSE,FALSE,FALSE,TRUE
0,78,194281,194320,39,54,"F#5",6,FALSE,FALSE,FALSE,FALSE,TRUE
0,67,194520,194640,120,36,"G4",7,TRUE,FALSE,FALSE,FALSE,TRUE
0,66,194640,194760,120,36,"F#4",6,FALSE,FALSE,FALSE,FALSE,TRUE
0,78,194640,194760,120,56,"F#5",6,FALSE,FALSE,FALSE,FALSE,TRUE
0,67,194760,194880,120,36,"G4",7,TRUE,FALSE,FALSE,FALSE,TRUE
0,67,195000,195121,121,38,"G4",7,TRUE,FALSE,FALSE,FALSE,TRUE
0,66,195121,195241,120,38,"F#4",6,FALSE,FALSE,FALSE,FALSE,TRUE
0,79,195121,195241,120,54,"G5",7,TRUE,FALSE,FALSE,FALSE,TRUE
0,60,195360,195480,120,40,"C4",0,TRUE,FALSE,FALSE,FALSE,TRUE
0,78,195360,195600,240,56,"F#5",6,FALSE,FALSE,FALSE,FALSE,TRUE
0,67,195480,195600,120,36,"G4",7,TRUE,FALSE,FALSE,FALSE,TRUE
0,66,195600,195720,120,36,"F#4",6,FALSE,FALSE,FALSE,FALSE,TRUE
0,76,195600,195720,120,54,"E5",4,FALSE,FALSE,FALSE,FALSE,TRUE
0,67,195960,196080,120,44,"G4",7,TRUE,FALSE,FALSE,FALSE,TRUE
0,66,196080,196200,120,33,"F#4",6,FALSE,FALSE,FALSE,FALSE,TRUE
0,67,196200,196320,120,33,"G4",7,TRUE,FALSE,FALSE,FALSE,TRUE
0,67,196680,196800,120,30,"G4",7,TRUE,FALSE,FALSE,FALSE,TRUE
0,57,196800,196920,120,37,"A3",9,FALSE,FALSE,FALSE,FALSE,TRUE
0,67,196920,197041,121,32,"G4",7,TRUE,FALSE,FALSE,FALSE,TRUE
0,57,197041,197160,119,32,"A3",9,FALSE,FALSE,FALSE,FALSE,TRUE
0,67,197160,197280,120,32,"G4",7,TRUE,FALSE,FALSE,FALSE,TRUE
0,71,199260,199320,60,40,"B4",11,FALSE,FALSE,FALSE,FALSE,TRUE
0,60,199320,199442,122,32,"C4",0,TRUE,FALSE,FALSE,FALSE,TRUE
0,67,199920,200040,120,59,"G4",7,TRUE,FALSE,FALSE,FALSE,TRUE
0,66,200040,200161,121,52,"F#4",6,FALSE,FALSE,FALSE,FALSE,TRUE
0,67,200161,200281,120,59,"G4",7,TRUE,FALSE,FALSE,FALSE,TRUE
0,67,200881,201000,119,59,"G4",7,TRUE,FALSE,FALSE,FALSE,TRUE
0,66,201000,201120,120,52,"F#4",6,FALSE,FALSE,FALSE,FALSE,TRUE
0,67,201120,201240,120,59,"G4",7,TRUE,FALSE,FALSE,FALSE,TRUE
0,67,201840,201961,121,59,"G4",7,TRUE,FALSE,FALSE,FALSE,TRUE
0,66,201961,202080,119,52,"F#4",6,FALSE,FALSE,FALSE,FALSE,TRUE
0,67,202080,202201,121,59,"G4",7,TRUE,FALSE,FALSE,FALSE,TRUE
0,62,202801,202921,120,46,"D4",2,TRUE,FALSE,FALSE,FALSE,TRUE
0,72,202801,202921,120,59,"C5",0,TRUE,FALSE,FALSE,FALSE,TRUE
0,74,203160,203280,120,54,"D5",2,TRUE,FALSE,FALSE,FALSE,TRUE
0,52,203280,203400,120,39,"E3",4,FALSE,FALSE,FALSE,FALSE,TRUE
0,55,203280,203400,120,46,"G3",7,TRUE,FALSE,FALSE,FALSE,TRUE
0,73,203280,203400,120,59,"C#5",1,FALSE,TRUE,FALSE,FALSE,TRUE
0,76,203400,203520,120,53,"E5",4,FALSE,FALSE,FALSE,FALSE,TRUE
0,54,203520,204001,481,42,"F#3",6,FALSE,FALSE,FALSE,FALSE,TRUE
0,74,203760,203880,120,59,"D5",2,TRUE,FALSE,FALSE,FALSE,TRUE
0,73,203880,204001,121,52,"C#5",1,FALSE,TRUE,FALSE,FALSE,TRUE
0,74,204001,204121,120,59,"D5",2,TRUE,FALSE,FALSE,FALSE,TRUE
0,74,204722,204840,118,59,"D5",2,TRUE,FALSE,FALSE,FALSE,TRUE
0,73,204840,204960,120,52,"C#5",1,FALSE,TRUE,FALSE,FALSE,TRUE
0,74,204960,205081,121,59,"D5",2,TRUE,FALSE,FALSE,FALSE,TRUE
0,74,205680,205800,120,59,"D5",2,TRUE,FALSE,FALSE,FALSE,TRUE
0,73,205800,205920,120,52,"C#5",1,FALSE,TRUE,FALSE,FALSE,TRUE
0,74,205920,206040,120,59,"D5",2,TRUE,FALSE,FALSE,FALSE,TRUE
0,76,206040,206160,120,54,"E5",4,FALSE,FALSE,FALSE,FALSE,TRUE
0,51,206160,206281,121,45,"D#3",3,FALSE,TRUE,FALSE,FALSE,TRUE
0,79,206400,206522,122,64,"G5",7,TRUE,FALSE,FALSE,FALSE,TRUE
0,78,206522,206641,119,58,"F#5",6,FALSE,FALSE,FALSE,FALSE,TRUE
0,76,206641,206760,119,64,"E5",4,FALSE,FALSE,FALSE,FALSE,TRUE
0,75,206760,206880,120,57,"D#5",3,FALSE,TRUE,FALSE,FALSE,TRUE
0,76,206880,207000,120,64,"E5",4,FALSE,FALSE,FALSE,FALSE,TRUE
0,79,207360,207481,121,69,"G5",7,TRUE,FALSE,FALSE,TRUE,TRUE
0,78,207481,207600,119,67,"F#5",6,FALSE,FALSE,FALSE,FALSE,TRUE
0,76,207600,207721,121,65,"E5",4,FALSE,FALSE,FALSE,FALSE,TRUE
0,75,207721,207840,119,62,"D#5",3,FALSE,TRUE,FALSE,FALSE,TRUE
0,76,207840,207961,121,64,"E5",4,FALSE,FALSE,FALSE,FALSE,TRUE
0,61,208080,208201,121,55,"C#4",1,FALSE,TRUE,FALSE,FALSE,TRUE
0,79,208080,208201,121,67,"G5",7,TRUE,FALSE,FALSE,FALSE,TRUE
0,79,208440,208560,120,60,"G5",7,TRUE,FALSE,FALSE,FALSE,TRUE
0,78,208560,208680,120,67,"F#5",6,FALSE,FALSE,FALSE,FALSE,TRUE
0,78,208800,208921,121,67,"F#5",6,FALSE,FALSE,FALSE,FALSE,TRUE
0,79,208921,209041,120,61,"G5",7,TRUE,FALSE,FALSE,FALSE,TRUE
0,79,209400,209520,120,66,"G5",7,TRUE,FALSE,FALSE,FALSE,TRUE
0,78,209520,209640,120,65,"F#5",6,FALSE,FALSE,FALSE,FALSE,TRUE
0,78,209761,209880,119,67,"F#5",6,FALSE,FALSE,FALSE,FALSE,TRUE
0,79,209880,210001,121,61,"G5",7,TRUE,FALSE,FALSE,FALSE,TRUE
0,66,210001,210121,120,54,"F#4",6,FALSE,FALSE,FALSE,FALSE,TRUE
0,86,210840,210960,120,56,"D6",2,TRUE,FALSE,FALSE,FALSE,TRUE
0,63,210960,211080,120,53,"D#4",3,FALSE,TRUE,FALSE,FALSE,TRUE
0,83,211800,211921,121,58,"B5",11,FALSE,FALSE,FALSE,FALSE,TRUE
0,61,211921,212040,119,56,"C#4",1,FALSE,TRUE,FALSE,FALSE,TRUE
0,81,212761,212880,119,57,"A5",9,FALSE,FALSE,FALSE,FALSE,TRUE
0,58,212880,213000,120,57,"A#3",10,TRUE,TRUE,FALSE,FALSE,TRUE
0,58,213360,213480,120,57,"A#3",10,TRUE,TRUE,FALSE,FALSE,FALSE
0,78,213960,214080,120,59,"F#5",6,FALSE,FALSE,FALSE,FALSE,TRUE
0,55,214080,214561,481,53,"G3",7,TRUE,FALSE,FALSE,FALSE,TRUE
0,76,214080,214201,121,67,"E5",4,FALSE,FALSE,FALSE,FALSE,TRUE
0,75,214201,214321,120,61,"D#5",3,FALSE,TRUE,FALSE,FALSE,TRUE
0,76,214321,214441,120,65,"E5",4,FALSE,FALSE,FALSE,FALSE,TRUE
0,78,214441,214561,120,60,"F#5",6,FALSE,FALSE,FALSE,FALSE,TRUE
0,79,214561,214680,119,70,"G5",7,TRUE,FALSE,FALSE,TRUE,TRUE
0,78,214680,214802,122,60,"F#5",6,FALSE,FALSE,FALSE,FALSE,TRUE
0,79,214802,214920,118,65,"G5",7,TRUE,FALSE,FALSE,FALSE,TRUE
0,85,215161,215293,132,60,"C#6",1,FALSE,TRUE,FALSE,FALSE,TRUE
0,55,215280,215400,120,34,"G3",7,TRUE,FALSE,FALSE,FALSE,TRUE
0,64,215280,215400,120,40,"E4",4,FALSE,FALSE,FALSE,FALSE,TRUE
0,86,215280,215414,134,61,"D6",2,TRUE,FALSE,FALSE,FALSE,TRUE
0,85,215400,215532,132,64,"C#6",1,FALSE,TRUE,FALSE,FALSE,TRUE
0,55,215521,215640,119,34,"G3",7,TRUE,FALSE,FALSE,FALSE,TRUE
0,79,215760,215893,133,66,"G5",7,TRUE,FALSE,FALSE,FALSE,TRUE
0,78,215881,216013,132,65,"F#5",6,FALSE,FALSE,FALSE,FALSE,TRUE
0,55,216000,216120,120,42,"G3",7,TRUE,FALSE,FALSE,FALSE,TRUE
0,78,216120,216252,132,64,"F#5",6,FALSE,FALSE,FALSE,FALSE,TRUE
0,55,216240,216362,122,34,"G3",7,TRUE,FALSE,FALSE,FALSE,TRUE
0,79,216240,216374,134,67,"G5",7,TRUE,FALSE,FALSE,FALSE,TRUE
0,78,216362,216492,130,70,"F#5",6,FALSE,FALSE,FALSE,TRUE,TRUE
0,56,216480,216601,121,34,"G#3",8,FALSE,TRUE,FALSE,FALSE,TRUE
0,74,216601,216733,132,67,"D5",2,TRUE,FALSE,FALSE,FALSE,TRUE
0,56,216720,216840,120,34,"G#3",8,FALSE,TRUE,FALSE,FALSE,TRUE
0,73,216961,217092,131,67,"C#5",1,FALSE,TRUE,FALSE,FALSE,TRUE
0,74,217080,217212,132,67,"D5",2,TRUE,FALSE,FALSE,FALSE,TRUE
0,55,217202,217440,238,42,"G3",7,TRUE,FALSE,FALSE,FALSE,TRUE
0,73,217202,217332,130,57,"C#5",1,FALSE,TRUE,FALSE,FALSE,TRUE
0,50,217681,217800,119,42,"D3",2,TRUE,FALSE,FALSE,FALSE,TRUE
0,49,217921,218162,241,52,"C#3",1,FALSE,TRUE,FALSE,FALSE,TRUE
0,79,217921,218052,131,66,"G5",7,TRUE,FALSE,FALSE,FALSE,TRUE
0,45,218162,218400,238,46,"A2",9,FALSE,FALSE,FALSE,FALSE,TRUE
0,79,218162,218292,130,56,"G5",7,TRUE,FALSE,FALSE,FALSE,TRUE
0,79,218400,218533,133,66,"G5",7,TRUE,FALSE,FALSE,FALSE,TRUE
0,78,218521,218652,131,57,"F#5",6,FALSE,FALSE,FALSE,FALSE,TRUE
0,54,218640,218760,120,46,"F#3",6,FALSE,FALSE,FALSE,FALSE,TRUE
0,76,218640,218773,133,57,"E5",4,FALSE,FALSE,FALSE,FALSE,TRUE
0,73,218881,219013,132,68,"C#5",1,FALSE,TRUE,FALSE,FALSE,TRUE
0,74,219001,219132,131,56,"D5",2,TRUE,FALSE,FALSE,FALSE,TRUE
0,55,219121,219360,239,46,"G3",7,TRUE,FALSE,FALSE,FALSE,TRUE
0,73,219121,219253,132,55,"C#5",1,FALSE,TRUE,FALSE,FALSE,TRUE
0,50,219600,219720,120,47,"D3",2,TRUE,FALSE,FALSE,FALSE,TRUE
0,49,219841,220080,239,56,"C#3",1,FALSE,TRUE,FALSE,FALSE,TRUE
0,79,219841,219973,132,68,"G5",7,TRUE,FALSE,FALSE,FALSE,TRUE
0,45,220080,220320,240,49,"A2",9,FALSE,FALSE,FALSE,FALSE,TRUE
0,79,220080,220212,132,56,"G5",7,TRUE,FALSE,FALSE,FALSE,TRUE
0,79,220320,220452,132,70,"G5",7,TRUE,FALSE,FALSE,TRUE,TRUE
0,78,220441,220572,131,58,"F#5",6,FALSE,FALSE,FALSE,FALSE,TRUE
0,54,220560,220680,120,50,"F#3",6,FALSE,FALSE,FALSE,FALSE,TRUE
0,76,220560,220692,132,58,"E5",4,FALSE,FALSE,FALSE,FALSE,TRUE
0,73,220800,220920,120,79,"C#5",1,FALSE,TRUE,FALSE,TRUE,FALSE
0,78,221281,221401,120,74,"F#5",6,FALSE,FALSE,FALSE,TRUE,FALSE
0,73,221762,221880,118,77,"C#5",1,FALSE,TRUE,FALSE,TRUE,FALSE
0,78,222241,222360,119,77,"F#5",6,FALSE,FALSE,FALSE,TRUE,FALSE
0,74,222601,222721,120,64,"D5",2,TRUE,FALSE,FALSE,FALSE,TRUE
0,73,222721,222811,90,69,"C#5",1,FALSE,TRUE,FALSE,TRUE,TRUE
0,76,222721,222811,90,84,"E5",4,FALSE,FALSE,FALSE,TRUE,FALSE
0,81,222960,223050,90,74,"A5",9,FALSE,FALSE,FALSE,TRUE,FALSE
0,81,223200,223290,90,74,"A5",9,FALSE,FALSE,FALSE,TRUE,FALSE
0,81,223441,223531,90,74,"A5",9,FALSE,FALSE,FALSE,TRUE,FALSE
0,81,223681,224101,420,74,"A5",9,FALSE,FALSE,FALSE,TRUE,FALSE
0,79,224101,224162,61,41,"G5",7,TRUE,FALSE,FALSE,FALSE,TRUE
0,78,224162,224281,119,42,"F#5",6,FALSE,FALSE,FALSE,FALSE,TRUE
0,78,224401,224520,119,40,"F#5",6,FALSE,FALSE,FALSE,FALSE,TRUE
0,79,224520,224640,120,40,"G5",7,TRUE,FALSE,FALSE,FALSE,TRUE
0,62,224640,224880,240,30,"D4",2,TRUE,FALSE,FALSE,FALSE,TRUE
0,80,224640,224880,240,45,"G#5",8,FALSE,TRUE,FALSE,FALSE,TRUE
0,66,224880,225121,241,23,"F#4",6,FALSE,FALSE,FALSE,TRUE,FALSE
0,85,225842,226080,238,42,"C#6",1,FALSE,TRUE,FALSE,FALSE,TRUE
0,62,226080,226320,240,29,"D4",2,TRUE,FALSE,FALSE,FALSE,TRUE
0,79,227280,227521,241,40,"G5",7,TRUE,FALSE,FALSE,FALSE,TRUE
0,61,227521,227762,241,34,"C#4",1,FALSE,TRUE,FALSE,FALSE,TRUE
0,79,227762,228000,238,42,"G5",7,TRUE,FALSE,FALSE,FALSE,TRUE
0,57,228000,228240,240,30,"A3",9,FALSE,FALSE,FALSE,FALSE,TRUE
0,78,228000,228240,240,45,"F#5",6,FALSE,FALSE,FALSE,FALSE,TRUE
0,67,228240,228480,240,28,"G4",7,TRUE,FALSE,FALSE,FALSE,TRUE
0,76,228240,228480,240,42,"E5",4,FALSE,FALSE,FALSE,FALSE,TRUE
0,66,228480,228720,240,34,"F#4",6,FALSE,FALSE,FALSE,FALSE,TRUE
0,74,228720,228960,240,44,"D5",2,TRUE,FALSE,FALSE,FALSE,TRUE
0,61,228960,229200,240,30,"C#4",1,FALSE,TRUE,FALSE,FALSE,TRUE
0,77,229440,229681,241,50,"F5",5,TRUE,TRUE,FALSE,FALSE,FALSE
0,59,229920,230160,240,29,"B3",11,FALSE,FALSE,FALSE,FALSE,TRUE
0,81,230100,230160,60,42,"A5",9,FALSE,FALSE,FALSE,FALSE,TRUE
0,79,230160,230400,240,47,"G5",7,TRUE,FALSE,FALSE,FALSE,TRUE
0,57,230400,230641,241,34,"A3",9,FALSE,FALSE,FALSE,FALSE,TRUE
0,79,231122,231240,118,44,"G5",7,TRUE,FALSE,FALSE,FALSE,TRUE
0,78,231240,231360,120,42,"F#5",6,FALSE,FALSE,FALSE,FALSE,TRUE
0,78,231600,231721,121,42,"F#5",6,FALSE,FALSE,FALSE,FALSE,TRUE
0,79,231840,231960,120,44,"G5",7,TRUE,FALSE,FALSE,FALSE,TRUE
0,80,232081,232200,119,47,"G#5",8,FALSE,TRUE,FALSE,FALSE,TRUE
0,62,232320,232560,240,34,"D4",2,TRUE,FALSE,FALSE,FALSE,TRUE
0,80,232320,232560,240,45,"G#5",8,FALSE,TRUE,FALSE,FALSE,TRUE
0,65,232560,232800,240,27,"F4",5,TRUE,TRUE,FALSE,FALSE,FALSE
0,65,233280,233520,240,32,"F4",5,TRUE,TRUE,FALSE,FALSE,FALSE
0,84,233520,233641,121,42,"C6",0,TRUE,FALSE,FALSE,FALSE,TRUE
0,62,233761,234001,240,29,"D4",2,TRUE,FALSE,FALSE,FALSE,TRUE
0,82,233761,233881,120,44,"A#5",10,TRUE,TRUE,FALSE,FALSE,FALSE
0,65,234001,234121,120,26,"F4",5,TRUE,TRUE,FALSE,FALSE,FALSE
0,70,234481,234720,239,28,"A#4",10,TRUE,TRUE,FALSE,FALSE,FALSE
0,79,235020,235081,61,37,"G5",7,TRUE,FALSE,FALSE,FALSE,TRUE
0,78,235081,235141,60,37,"F#5",6,FALSE,FALSE,FALSE,FALSE,TRUE
0,79,235141,235201,60,37,"G5",7,TRUE,FALSE,FALSE,FALSE,TRUE
0,61,235201,235442,241,34,"C#4",1,FALSE,TRUE,FALSE,FALSE,TRUE
0,79,235442,235561,119,42,"G5",7,TRUE,FALSE,FALSE,FALSE,TRUE
0,57,235681,235921,240,30,"A3",9,FALSE,FALSE,FALSE,FALSE,TRUE
0,77,235681,235801,120,45,"F5",5,TRUE,TRUE,FALSE,FALSE,FALSE
0,79,236161,236400,239,45,"G5",7,TRUE,FALSE,FALSE,FALSE,TRUE
0,69,236400,236640,240,27,"A4",9,FALSE,FALSE,FALSE,FALSE,TRUE
0,77,236400,236640,240,42,"F5",5,TRUE,TRUE,FALSE,FALSE,FALSE
0,76,236880,237120,240,40,"E5",4,FALSE,FALSE,FALSE,FALSE,TRUE
0,58,237120,237361,241,32,"A#3",10,TRUE,TRUE,FALSE,FALSE,TRUE
0,65,237361,237600,239,26,"F4",5,TRUE,TRUE,FALSE,FALSE,FALSE
0,74,237361,237600,239,42,"D5",2,TRUE,FALSE,FALSE,FALSE,TRUE
0,64,237600,237840,240,29,"E4",4,FALSE,FALSE,FALSE,FALSE,TRUE
0,62,237840,238081,241,26,"D4",2,TRUE,FALSE,FALSE,FALSE,TRUE
0,80,237840,238081,241,46,"G#5",8,FALSE,TRUE,FALSE,FALSE,TRUE
0,57,238081,238320,239,33,"A3",9,FALSE,FALSE,FALSE,FALSE,TRUE
0,80,238081,239040,959,49,"G#5",8,FALSE,TRUE,FALSE,FALSE,TRUE
0,62,238320,238560,240,22,"D4",2,TRUE,FALSE,FALSE,TRUE,TRUE
0,65,238560,238802,242,28,"F4",5,TRUE,TRUE,FALSE,FALSE,FALSE
0,62,238802,239040,238,24,"D4",2,TRUE,FALSE,FALSE,TRUE,FALSE
0,57,239040,239280,240,24,"A3",9,FALSE,FALSE,FALSE,TRUE,FALSE
0,55,239280,239400,120,53,"G3",7,TRUE,FALSE,FALSE,FALSE,TRUE
0,42,239520,239640,120,48,"F#2",6,FALSE,FALSE,FALSE,FALSE,TRUE
0,81,240120,240241,121,44,"A5",9,FALSE,FALSE,FALSE,FALSE,TRUE
0,80,240241,240360,119,47,"G#5",8,FALSE,TRUE,FALSE,FALSE,TRUE
0,81,240360,240480,120,43,"A5",9,FALSE,FALSE,FALSE,FALSE,TRUE
0,74,240720,240840,120,49,"D5",2,TRUE,FALSE,FALSE,FALSE,TRUE
0,80,240720,240840,120,53,"G#5",8,FALSE,TRUE,FALSE,FALSE,TRUE
0,81,240840,240960,120,53,"A5",9,FALSE,FALSE,FALSE,FALSE,TRUE
0,73,241440,241560,120,58,"C#5",1,FALSE,TRUE,FALSE,FALSE,TRUE
0,79,241440,241560,120,64,"G5",7,TRUE,FALSE,FALSE,FALSE,TRUE
0,69,241681,241800,119,48,"A4",9,FALSE,FALSE,FALSE,FALSE,TRUE
0,79,241681,241800,119,55,"G5",7,TRUE,FALSE,FALSE,FALSE,TRUE
0,81,242040,242161,121,49,"A5",9,FALSE,FALSE,FALSE,FALSE,TRUE
0,80,242161,242280,119,51,"G#5",8,FALSE,TRUE,FALSE,FALSE,TRUE
0,81,242280,242401,121,47,"A5",9,FALSE,FALSE,FALSE,FALSE,TRUE
0,62,242641,242760,119,49,"D4",2,TRUE,FALSE,FALSE,FALSE,TRUE
0,80,242641,242760,119,51,"G#5",8,FALSE,TRUE,FALSE,FALSE,TRUE
0,81,242760,242880,120,53,"A5",9,FALSE,FALSE,FALSE,FALSE,TRUE
0,61,243361,243481,120,54,"C#4",1,FALSE,TRUE,FALSE,FALSE,TRUE
0,79,243361,243481,120,62,"G5",7,TRUE,FALSE,FALSE,FALSE,TRUE
0,57,243602,243720,118,47,"A3",9,FALSE,FALSE,FALSE,FALSE,TRUE
0,79,243602,243720,118,55,"G5",7,TRUE,FALSE,FALSE,FALSE,TRUE
0,69,243960,244080,120,35,"A4",9,FALSE,FALSE,FALSE,FALSE,TRUE
0,68,244080,244200,120,42,"G#4",8,FALSE,TRUE,FALSE,FALSE,TRUE
0,69,244200,244320,120,38,"A4",9,FALSE,FALSE,FALSE,FALSE,TRUE
0,69,244440,244561,121,39,"A4",9,FALSE,FALSE,FALSE,FALSE,TRUE
0,68,244561,244680,119,44,"G#4",8,FALSE,TRUE,FALSE,FALSE,TRUE
0,86,244561,244680,119,57,"D6",2,TRUE,FALSE,FALSE,FALSE,TRUE
0,67,245280,245400,120,49,"G4",7,TRUE,FALSE,FALSE,FALSE,TRUE
0,85,245280,245400,120,63,"C#6",1,FALSE,TRUE,FALSE,FALSE,TRUE
0,69,245881,246000,119,38,"A4",9,FALSE,FALSE,FALSE,FALSE,TRUE
0,68,246000,246120,120,41,"G#4",8,FALSE,TRUE,FALSE,FALSE,TRUE
0,69,246120,246240,120,37,"A4",9,FALSE,FALSE,FALSE,FALSE,TRUE
0,50,246481,246600,119,57,"D3",2,TRUE,FALSE,FALSE,FALSE,TRUE
0,68,246481,246600,119,44,"G#4",8,FALSE,TRUE,FALSE,FALSE,TRUE
0,69,246600,246721,121,40,"A4",9,FALSE,FALSE,FALSE,FALSE,TRUE
0,49,247200,247321,121,60,"C#3",1,FALSE,TRUE,FALSE,FALSE,TRUE
0,67,247200,247321,121,49,"G4",7,TRUE,FALSE,FALSE,FALSE,TRUE
0,45,247440,247560,120,58,"A2",9,FALSE,FALSE,FALSE,FALSE,TRUE
0,67,247440,247560,120,47,"G4",7,TRUE,FALSE,FALSE,FALSE,TRUE
0,74,248520,248640,120,29,"D5",2,TRUE,FALSE,FALSE,FALSE,TRUE
0,64,248640,248760,120,35,"E4",4,FALSE,FALSE,FALSE,FALSE,TRUE
0,74,248760,248881,121,30,"D5",2,TRUE,FALSE,FALSE,FALSE,TRUE
0,64,248881,249000,119,30,"E4",4,FALSE,FALSE,FALSE,FALSE,TRUE
0,74,249000,249120,120,30,"D5",2,TRUE,FALSE,FALSE,FALSE,TRUE
0,74,249720,249840,120,30,"D5",2,TRUE,FALSE,FALSE,FALSE,TRUE
0,73,249840,249960,120,30,"C#5",1,FALSE,TRUE,FALSE,FALSE,TRUE
0,74,249960,250080,120,30,"D5",2,TRUE,FALSE,FALSE,FALSE,TRUE
0,85,249960,250000,40,45,"C#6",1,FALSE,TRUE,FALSE,FALSE,TRUE
0,74,250201,250321,120,30,"D5",2,TRUE,FALSE,FALSE,FALSE,TRUE
0,73,250321,250441,120,30,"C#5",1,FALSE,TRUE,FALSE,FALSE,TRUE
0,85,250321,250441,120,47,"C#6",1,FALSE,TRUE,FALSE,FALSE,TRUE
0,74,250441,250561,120,30,"D5",2,TRUE,FALSE,FALSE,FALSE,TRUE
0,74,250680,250800,120,32,"D5",2,TRUE,FALSE,FALSE,FALSE,TRUE
0,73,250800,250920,120,32,"C#5",1,FALSE,TRUE,FALSE,FALSE,TRUE
0,86,250800,250920,120,45,"D6",2,TRUE,FALSE,FALSE,FALSE,TRUE
0,67,251040,251160,120,34,"G4",7,TRUE,FALSE,FALSE,FALSE,TRUE
0,85,251040,251280,240,47,"C#6",1,FALSE,TRUE,FALSE,FALSE,TRUE
0,74,251160,251280,120,30,"D5",2,TRUE,FALSE,FALSE,FALSE,TRUE
0,73,251280,251400,120,30,"C#5",1,FALSE,TRUE,FALSE,FALSE,TRUE
0,83,251280,251400,120,45,"B5",11,FALSE,FALSE,FALSE,FALSE,TRUE
0,74,251641,251760,119,37,"D5",2,TRUE,FALSE,FALSE,FALSE,TRUE
0,73,251760,251880,120,28,"C#5",1,FALSE,TRUE,FALSE,FALSE,TRUE
0,74,251880,252001,121,28,"D5",2,TRUE,FALSE,FALSE,FALSE,TRUE
0,74,252360,252480,120,37,"D5",2,TRUE,FALSE,FALSE,FALSE,TRUE
0,64,252480,252600,120,45,"E4",4,FALSE,FALSE,FALSE,FALSE,TRUE
0,74,252600,252721,121,39,"D5",2,TRUE,FALSE,FALSE,FALSE,TRUE
0,64,252721,252840,119,39,"E4",4,FALSE,FALSE,FALSE,FALSE,TRUE
0,74,252840,252961,121,39,"D5",2,TRUE,FALSE,FALSE,FALSE,TRUE
0,78,254940,255001,61,49,"F#5",6,FALSE,FALSE,FALSE,FALSE,TRUE
0,67,255001,255120,119,39,"G4",7,TRUE,FALSE,FALSE,FALSE,TRUE
0,62,256200,256320,120,29,"D4",2,TRUE,FALSE,FALSE,FALSE,TRUE
0,52,256320,256440,120,35,"E3",4,FALSE,FALSE,FALSE,FALSE,TRUE
0,62,256440,256561,121,30,"D4",2,TRUE,FALSE,FALSE,FALSE,TRUE
0,52,256561,256680,119,30,"E3",4,FALSE,FALSE,FALSE,FALSE,TRUE
0,62,256680,256800,120,30,"D4",2,TRUE,FALSE,FALSE,FALSE,TRUE
0,62,257400,257520,120,30,"D4",2,TRUE,FALSE,FALSE,FALSE,TRUE
0,61,257520,257640,120,30,"C#4",1,FALSE,TRUE,FALSE,FALSE,TRUE
0,62,257640,257761,121,30,"D4",2,TRUE,FALSE,FALSE,FALSE,TRUE
0,73,257640,257680,40,45,"C#5",1,FALSE,TRUE,FALSE,FALSE,TRUE
0,62,257881,258000,119,30,"D4",2,TRUE,FALSE,FALSE,FALSE,TRUE
0,61,258000,258120,120,30,"C#4",1,FALSE,TRUE,FALSE,FALSE,TRUE
0,73,258000,258120,120,47,"C#5",1,FALSE,TRUE,FALSE,FALSE,TRUE
0,62,258120,258240,120,30,"D4",2,TRUE,FALSE,FALSE,FALSE,TRUE
0,62,258361,258480,119,32,"D4",2,TRUE,FALSE,FALSE,FALSE,TRUE
0,61,258480,258602,122,32,"C#4",1,FALSE,TRUE,FALSE,FALSE,TRUE
0,74,258480,258720,240,45,"D5",2,TRUE,FALSE,FALSE,FALSE,TRUE
0,55,258720,258842,122,34,"G3",7,TRUE,FALSE,FALSE,FALSE,TRUE
0,73,258720,258961,241,47,"C#5",1,FALSE,TRUE,FALSE,FALSE,TRUE
0,62,258842,258961,119,30,"D4",2,TRUE,FALSE,FALSE,FALSE,TRUE
0,61,258961,259081,120,30,"C#4",1,FALSE,TRUE,FALSE,FALSE,TRUE
0,71,258961,259201,240,45,"B4",11,FALSE,FALSE,FALSE,FALSE,TRUE
0,62,259320,259440,120,37,"D4",2,TRUE,FALSE,FALSE,FALSE,TRUE
0,61,259440,259561,121,28,"C#4",1,FALSE,TRUE,FALSE,FALSE,TRUE
0,62,259561,259680,119,28,"D4",2,TRUE,FALSE,FALSE,FALSE,TRUE
0,50,260041,260161,120,40,"D3",2,TRUE,FALSE,FALSE,FALSE,TRUE
0,40,260161,260281,120,49,"E2",4,FALSE,FALSE,FALSE,FALSE,TRUE
0,50,260281,260400,119,42,"D3",2,TRUE,FALSE,FALSE,FALSE,TRUE
0,40,260400,260521,121,42,"E2",4,FALSE,FALSE,FALSE,FALSE,TRUE
0,50,260521,260640,119,42,"D3",2,TRUE,FALSE,FALSE,FALSE,TRUE
0,76,261120,261480,360,70,"E5",4,FALSE,FALSE,FALSE,TRUE,FALSE
0,74,262080,262561,481,69,"D5",2,TRUE,FALSE,FALSE,TRUE,FALSE
0,78,262620,262680,60,53,"F#5",6,FALSE,FALSE,FALSE,FALSE,TRUE
0,55,262680,262800,120,42,"G3",7,TRUE,FALSE,FALSE,FALSE,TRUE
0,50,263041,263520,479,70,"D3",2,TRUE,FALSE,FALSE,TRUE,FALSE
0,74,263041,263520,479,74,"D5",2,TRUE,FALSE,FALSE,TRUE,FALSE
0,66,264001,264480,479,45,"F#4",6,FALSE,FALSE,FALSE,FALSE,TRUE
0,79,264001,264132,131,66,"G5",7,TRUE,FALSE,FALSE,FALSE,TRUE
0,78,264120,264252,132,55,"F#5",6,FALSE,FALSE,FALSE,FALSE,TRUE
0,79,264602,264732,130,55,"G5",7,TRUE,FALSE,FALSE,FALSE,TRUE
0,78,264720,264853,133,55,"F#5",6,FALSE,FALSE,FALSE,FALSE,TRUE
0,79,264840,264972,132,55,"G5",7,TRUE,FALSE,FALSE,FALSE,TRUE
0,66,264961,265440,479,37,"F#4",6,FALSE,FALSE,FALSE,FALSE,TRUE
0,85,266401,266461,60,45,"C#6",1,FALSE,TRUE,FALSE,FALSE,TRUE
0,86,266640,266700,60,45,"D6",2,TRUE,FALSE,FALSE,FALSE,TRUE
0,62,267600,267840,240,33,"D4",2,TRUE,FALSE,FALSE,FALSE,TRUE
0,52,267840,268081,241,37,"E3",4,FALSE,FALSE,FALSE,FALSE,TRUE
0,78,268081,268200,119,44,"F#5",6,FALSE,FALSE,FALSE,FALSE,TRUE
0,79,268200,268322,122,44,"G5",7,TRUE,FALSE,FALSE,FALSE,TRUE
0,57,268322,268380,58,37,"A3",9,FALSE,FALSE,FALSE,FALSE,TRUE
0,61,268560,268620,60,30,"C#4",1,FALSE,TRUE,FALSE,FALSE,TRUE
0,79,268560,268620,60,46,"G5",7,TRUE,FALSE,FALSE,FALSE,TRUE
0,77,268800,269040,240,54,"F5",5,TRUE,TRUE,FALSE,FALSE,TRUE
0,78,269040,269280,240,45,"F#5",6,FALSE,FALSE,FALSE,FALSE,TRUE
0,66,269761,269880,119,45,"F#4",6,FALSE,FALSE,FALSE,FALSE,TRUE
0,79,269761,269893,132,66,"G5",7,TRUE,FALSE,FALSE,FALSE,TRUE
0,78,269880,270012,132,55,"F#5",6,FALSE,FALSE,FALSE,FALSE,TRUE
0,66,270000,270122,122,38,"F#4",6,FALSE,FALSE,FALSE,FALSE,TRUE
0,76,270000,270134,134,54,"E5",4,FALSE,FALSE,FALSE,FALSE,TRUE
0,67,270480,270600,120,38,"G4",7,TRUE,FALSE,FALSE,FALSE,TRUE
0,78,270480,270613,133,55,"F#5",6,FALSE,FALSE,FALSE,FALSE,TRUE
0,79,270600,270732,132,55,"G5",7,TRUE,FALSE,FALSE,FALSE,TRUE
0,66,270720,271200,480,37,"F#4",6,FALSE,FALSE,FALSE,FALSE,TRUE
0,85,272161,272221,60,45,"C#6",1,FALSE,TRUE,FALSE,FALSE,TRUE
0,86,272400,272461,61,45,"D6",2,TRUE,FALSE,FALSE,FALSE,TRUE
0,62,273362,273600,238,33,"D4",2,TRUE,FALSE,FALSE,FALSE,TRUE
0,52,273600,273840,240,37,"E3",4,FALSE,FALSE,FALSE,FALSE,TRUE
0,78,273840,273960,120,44,"F#5",6,FALSE,FALSE,FALSE,FALSE,TRUE
0,79,273960,274082,122,44,"G5",7,TRUE,FALSE,FALSE,FALSE,TRUE
0,57,274082,274320,238,37,"A3",9,FALSE,FALSE,FALSE,FALSE,TRUE
0,79,274201,274320,119,44,"G5",7,TRUE,FALSE,FALSE,FALSE,TRUE
0,61,274320,274561,241,32,"C#4",1,FALSE,TRUE,FALSE,FALSE,TRUE
0,76,274440,274561,121,44,"E5",4,FALSE,FALSE,FALSE,FALSE,TRUE
0,54,274561,274681,120,47,"F#3",6,FALSE,FALSE,FALSE,FALSE,TRUE
0,79,274920,275040,120,49,"G5",7,TRUE,FALSE,FALSE,FALSE,TRUE
0,54,275040,275162,122,48,"F#3",6,FALSE,FALSE,FALSE,FALSE,TRUE
0,85,275280,275400,120,53,"C#6",1,FALSE,TRUE,FALSE,FALSE,TRUE
0,62,275400,275521,121,40,"D4",2,TRUE,FALSE,FALSE,FALSE,TRUE
0,79,276360,276480,120,54,"G5",7,TRUE,FALSE,FALSE,FALSE,TRUE
0,57,276480,276600,120,47,"A3",9,FALSE,FALSE,FALSE,FALSE,TRUE
0,67,277801,277921,120,39,"G4",7,TRUE,FALSE,FALSE,FALSE,TRUE
0,57,277921,278041,120,49,"A3",9,FALSE,FALSE,FALSE,FALSE,TRUE
0,79,277921,278160,239,54,"G5",7,TRUE,FALSE,FALSE,FALSE,TRUE
0,67,278280,278400,120,40,"G4",7,TRUE,FALSE,FALSE,FALSE,TRUE
0,73,278280,278400,120,54,"C#5",1,FALSE,TRUE,FALSE,FALSE,TRUE
0,79,278760,278880,120,55,"G5",7,TRUE,FALSE,FALSE,FALSE,TRUE
0,54,278880,279000,120,48,"F#3",6,FALSE,FALSE,FALSE,FALSE,TRUE
0,85,279120,279240,120,57,"C#6",1,FALSE,TRUE,FALSE,FALSE,TRUE
0,62,279240,279360,120,44,"D4",2,TRUE,FALSE,FALSE,FALSE,TRUE
0,85,279600,279721,121,55,"C#6",1,FALSE,TRUE,FALSE,FALSE,TRUE
0,62,279721,279840,119,43,"D4",2,TRUE,FALSE,FALSE,FALSE,TRUE
0,55,279840,279960,120,49,"G3",7,TRUE,FALSE,FALSE,FALSE,TRUE
0,85,279840,279960,120,63,"C#6",1,FALSE,TRUE,FALSE,FALSE,TRUE
0,62,279960,280081,121,40,"D4",2,TRUE,FALSE,FALSE,FALSE,TRUE
0,59,280081,280200,119,40,"B3",11,FALSE,FALSE,FALSE,FALSE,TRUE
0,81,280081,280200,119,54,"A5",9,FALSE,FALSE,FALSE,FALSE,TRUE
0,79,280200,280321,121,54,"G5",7,TRUE,FALSE,FALSE,FALSE,TRUE
0,57,280321,280440,119,47,"A3",9,FALSE,FALSE,FALSE,FALSE,TRUE
0,66,280440,280560,120,37,"F#4",6,FALSE,FALSE,FALSE,FALSE,TRUE
0,79,280440,280560,120,51,"G5",7,TRUE,FALSE,FALSE,FALSE,TRUE
0,62,280560,280681,121,37,"D4",2,TRUE,FALSE,FALSE,FALSE,TRUE
0,80,280560,280681,121,54,"G#5",8,FALSE,TRUE,FALSE,FALSE,TRUE
0,57,280800,280920,120,48,"A3",9,FALSE,FALSE,FALSE,FALSE,TRUE
0,79,280800,280920,120,58,"G5",7,TRUE,FALSE,FALSE,FALSE,TRUE
0,66,280920,281041,121,39,"F#4",6,FALSE,FALSE,FALSE,FALSE,TRUE
0,76,281041,281160,119,54,"E5",4,FALSE,FALSE,FALSE,FALSE,TRUE
0,66,281160,281280,120,39,"F#4",6,FALSE,FALSE,FALSE,FALSE,TRUE
0,57,281280,281400,120,47,"A3",9,FALSE,FALSE,FALSE,FALSE,TRUE
0,75,281280,281400,120,59,"D#5",3,FALSE,TRUE,FALSE,FALSE,TRUE
0,78,281521,281641,120,54,"F#5",6,FALSE,FALSE,FALSE,FALSE,TRUE
0,67,281641,281760,119,37,"G4",7,TRUE,FALSE,FALSE,FALSE,TRUE
0,79,281641,281760,119,54,"G5",7,TRUE,FALSE,FALSE,FALSE,TRUE
0,57,281760,281881,121,48,"A3",9,FALSE,FALSE,FALSE,FALSE,TRUE
0,78,281760,281881,121,57,"F#5",6,FALSE,FALSE,FALSE,FALSE,TRUE
0,67,281881,282000,119,38,"G4",7,TRUE,FALSE,FALSE,FALSE,TRUE
0,64,282000,282120,120,38,"E4",4,FALSE,FALSE,FALSE,FALSE,TRUE
0,74,282000,282120,120,56,"D5",2,TRUE,FALSE,FALSE,FALSE,TRUE
0,67,282120,282242,122,38,"G4",7,TRUE,FALSE,FALSE,FALSE,TRUE
0,73,282120,282242,122,54,"C#5",1,FALSE,TRUE,FALSE,FALSE,TRUE
0,62,282242,282721,479,45,"D4",2,TRUE,FALSE,FALSE,FALSE,TRUE
0,74,284160,284400,240,75,"D5",2,TRUE,FALSE,FALSE,TRUE,FALSE
0,46,284640,284880,240,52,"A#2",10,TRUE,TRUE,FALSE,FALSE,FALSE
0,58,284640,284880,240,63,"A#3",10,TRUE,TRUE,FALSE,FALSE,TRUE
0,76,284640,284880,240,64,"E5",4,FALSE,FALSE,FALSE,FALSE,TRUE
0,79,284640,284880,240,64,"G5",7,TRUE,FALSE,FALSE,FALSE,TRUE
0,85,284640,284880,240,75,"C#6",1,FALSE,TRUE,FALSE,TRUE,TRUE
0,86,285120,285361,241,75,"D6",2,TRUE,FALSE,FALSE,TRUE,FALSE
0,79,286080,286320,240,47,"G5",7,TRUE,FALSE,FALSE,FALSE,TRUE
0,69,286320,286441,121,36,"A4",9,FALSE,FALSE,FALSE,FALSE,TRUE
0,78,286561,286800,239,47,"F#5",6,FALSE,FALSE,FALSE,FALSE,TRUE
0,67,286800,286920,120,35,"G4",7,TRUE,FALSE,FALSE,FALSE,TRUE
0,57,287040,288000,960,40,"A3",9,FALSE,FALSE,FALSE,FALSE,TRUE
0,67,287040,287281,241,39,"G4",7,TRUE,FALSE,FALSE,FALSE,TRUE
0,76,287040,287281,241,47,"E5",4,FALSE,FALSE,FALSE,FALSE,TRUE
0,66,287281,287401,120,34,"F#4",6,FALSE,FALSE,FALSE,FALSE,TRUE
0,74,287520,287760,240,47,"D5",2,TRUE,FALSE,FALSE,FALSE,TRUE
0,64,287760,287881,121,34,"E4",4,FALSE,FALSE,FALSE,FALSE,TRUE
0,73,287760,287881,121,41,"C#5",1,FALSE,TRUE,FALSE,FALSE,TRUE
0,50,288000,288480,480,39,"D3",2,TRUE,FALSE,FALSE,FALSE,TRUE
0,67,288000,288961,961,45,"G4",7,TRUE,FALSE,FALSE,FALSE,TRUE
0,73,288000,288961,961,54,"C#5",1,FALSE,TRUE,FALSE,FALSE,TRUE
