"estrategia","real","prediccion","probabilidad_sospechosa"
"temporal","Sospechosa","Sospechosa",0.794
"temporal","Sospechosa","Sospechosa",0.83
"temporal","Normal","Sospechosa",0.606
"temporal","Normal","Normal",0.37
"temporal","Sospechosa","Normal",0.424
"temporal","Sospechosa","Sospechosa",0.586
"temporal","Normal","Normal",0.482
"temporal","Normal","Normal",0.244
"temporal","Normal","Normal",0.18
"temporal","Normal","Normal",0.096
"temporal","Sospechosa","Sospechosa",0.53
"temporal","Sospechosa","Sospechosa",0.662
"temporal","Normal","Normal",0.426
"temporal","Sospechosa","Sospechosa",0.578
"temporal","Sospechosa","Sospechosa",0.522
"temporal","Normal","Normal",0.34
"temporal","Normal","Normal",0.462
"temporal","Normal","Normal",0.096
"temporal","Normal","Normal",0.482
"temporal","Normal","Normal",0.39
"temporal","Normal","Normal",0.238
"temporal","Normal","Normal",0.104
"temporal","Sospechosa","Normal",0.474
"temporal","Sospechosa","Normal",0.45
"temporal","Normal","Sospechosa",0.83
"temporal","Sospechosa","Sospechosa",0.792
"temporal","Sospechosa","Normal",0.484
"temporal","Sospechosa","Sospechosa",0.83
"temporal","Normal","Normal",0.104
"temporal","Normal","Normal",0.392
"temporal","Normal","Sospechosa",0.738
"temporal","Normal","Normal",0.464
"temporal","Normal","Sospechosa",0.772
"temporal","Normal","Sospechosa",0.846
"temporal","Normal","Normal",0.024
"temporal","Normal","Sospechosa",0.79
"temporal","Normal","Sospechosa",0.778
"temporal","Normal","Normal",0.464
"temporal","Sospechosa","Sospechosa",0.778
"temporal","Sospechosa","Sospechosa",0.652
"temporal","Normal","Normal",0.334
"temporal","Normal","Sospechosa",0.572
"temporal","Normal","Normal",0.444
"temporal","Normal","Sospechosa",0.6
"temporal","Normal","Sospechosa",0.664
"temporal","Normal","Sospechosa",0.62
"temporal","Normal","Normal",0.246
"temporal","Normal","Sospechosa",0.664
"temporal","Normal","Sospechosa",0.586
"temporal","Normal","Sospechosa",0.632
"temporal","Sospechosa","Normal",0.476
"temporal","Sospechosa","Normal",0.464
"temporal","Normal","Sospechosa",0.558
"temporal","Normal","Normal",0.158
"temporal","Normal","Normal",0.426
"temporal","Normal","Sospechosa",0.662
"temporal","Normal","Normal",0.158
"temporal","Normal","Normal",0.444
"temporal","Normal","Sospechosa",0.518
"temporal","Normal","Normal",0.156
"temporal","Normal","Normal",0.464
"temporal","Normal","Sospechosa",0.792
"temporal","Sospechosa","Normal",0.158
"temporal","Sospechosa","Normal",0.304
"temporal","Normal","Sospechosa",0.822
"temporal","Normal","Normal",0.44
"temporal","Normal","Normal",0.116
"temporal","Normal","Sospechosa",0.848
"temporal","Normal","Normal",0.21
"temporal","Sospechosa","Normal",0.304
"temporal","Normal","Sospechosa",0.796
"temporal","Normal","Normal",0.386
"temporal","Normal","Normal",0.03
"temporal","Normal","Sospechosa",0.8
"temporal","Normal","Normal",0.468
"temporal","Normal","Normal",0.166
"temporal","Normal","Normal",0.416
"temporal","Normal","Sospechosa",0.798
"temporal","Sospechosa","Normal",0.21
"temporal","Sospechosa","Normal",0.24
"temporal","Normal","Normal",0.092
"temporal","Sospechosa","Sospechosa",0.81
"temporal","Sospechosa","Sospechosa",0.756
"temporal","Sospechosa","Sospechosa",0.914
"temporal","Sospechosa","Normal",0.31
"temporal","Sospechosa","Sospechosa",0.858
"temporal","Sospechosa","Normal",0.278
"temporal","Sospechosa","Sospechosa",0.52
"temporal","Normal","Normal",0.032
"temporal","Normal","Normal",0.284
"temporal","Normal","Normal",0.42
"temporal","Normal","Normal",0.354
"temporal","Sospechosa","Sospechosa",0.634
"temporal","Sospechosa","Normal",0.19
"temporal","Sospechosa","Sospechosa",0.554
"temporal","Sospechosa","Sospechosa",0.702
"temporal","Sospechosa","Sospechosa",0.722
"temporal","Sospechosa","Normal",0.202
"temporal","Normal","Normal",0.494
"temporal","Normal","Normal",0.34
"temporal","Normal","Normal",0.06
"temporal","Normal","Normal",0.204
"temporal","Normal","Sospechosa",0.508
"temporal","Sospechosa","Sospechosa",0.792
"temporal","Sospechosa","Normal",0.478
"temporal","Sospechosa","Normal",0.288
"temporal","Normal","Normal",0.428
"temporal","Normal","Sospechosa",0.722
"temporal","Sospechosa","Normal",0.448
"temporal","Sospechosa","Normal",0.26
"temporal","Normal","Sospechosa",0.55
"temporal","Sospechosa","Sospechosa",0.842
"temporal","Sospechosa","Sospechosa",0.876
"temporal","Sospechosa","Normal",0.316
"temporal","Normal","Sospechosa",0.508
"temporal","Normal","Sospechosa",0.808
"temporal","Sospechosa","Sospechosa",0.69
"temporal","Sospechosa","Normal",0.296
"temporal","Normal","Sospechosa",0.554
"temporal","Normal","Sospechosa",0.804
"temporal","Normal","Normal",0.2
"temporal","Normal","Normal",0.15
"temporal","Sospechosa","Sospechosa",0.794
"temporal","Sospechosa","Sospechosa",0.69
"temporal","Sospechosa","Normal",0.462
"temporal","Sospechosa","Sospechosa",0.76
"temporal","Normal","Normal",0.084
"temporal","Normal","Normal",0.294
"temporal","Normal","Sospechosa",0.752
"temporal","Sospechosa","Normal",0.158
"temporal","Sospechosa","Normal",0.424
"temporal","Sospechosa","Sospechosa",0.79
"temporal","Normal","Normal",0.066
"temporal","Sospechosa","Normal",0.4
"temporal","Sospechosa","Sospechosa",0.75
"temporal","Normal","Sospechosa",0.532
"temporal","Normal","Normal",0.184
"temporal","Sospechosa","Sospechosa",0.792
"temporal","Sospechosa","Sospechosa",0.568
"temporal","Sospechosa","Normal",0.48
"temporal","Sospechosa","Sospechosa",0.67
"temporal","Normal","Sospechosa",0.74
"temporal","Normal","Normal",0.062
"temporal","Sospechosa","Sospechosa",0.844
"temporal","Sospechosa","Sospechosa",0.644
"temporal","Sospechosa","Sospechosa",0.548
"temporal","Sospechosa","Sospechosa",0.842
"temporal","Normal","Normal",0.024
"temporal","Normal","Normal",0.438
"temporal","Normal","Sospechosa",0.882
"temporal","Sospechosa","Normal",0.178
"temporal","Sospechosa","Sospechosa",0.586
"temporal","Sospechosa","Sospechosa",0.858
"temporal","Normal","Normal",0.066
"temporal","Sospechosa","Normal",0.176
"temporal","Sospechosa","Sospechosa",0.77
"temporal","Normal","Normal",0.414
"temporal","Normal","Normal",0.216
"temporal","Sospechosa","Sospechosa",0.942
"temporal","Sospechosa","Normal",0.452
"temporal","Sospechosa","Normal",0.332
"temporal","Sospechosa","Normal",0.496
"temporal","Normal","Sospechosa",0.522
"temporal","Normal","Normal",0.156
"temporal","Normal","Normal",0.27
"temporal","Normal","Normal",0.042
"temporal","Sospechosa","Sospechosa",0.996
"temporal","Normal","Sospechosa",0.872
"temporal","Normal","Sospechosa",0.958
"temporal","Normal","Normal",0.036
"temporal","Normal","Normal",0.234
"temporal","Normal","Normal",0.24
"temporal","Normal","Normal",0.044
"temporal","Sospechosa","Sospechosa",0.924
"temporal","Normal","Normal",0.054
"temporal","Normal","Normal",0.424
"temporal","Normal","Sospechosa",0.818
"temporal","Normal","Normal",0.126
"temporal","Normal","Normal",0.27
"temporal","Normal","Normal",0.048
"temporal","Sospechosa","Sospechosa",0.994
"temporal","Normal","Normal",0.428
"temporal","Normal","Sospechosa",0.694
"temporal","Normal","Normal",0.02
"temporal","Normal","Normal",0.266
"temporal","Normal","Normal",0.282
"temporal","Normal","Normal",0.052
"temporal","Sospechosa","Sospechosa",0.956
"temporal","Normal","Normal",0.064
"temporal","Normal","Normal",0.29
"temporal","Sospechosa","Sospechosa",0.906
"temporal","Sospechosa","Sospechosa",0.982
"temporal","Sospechosa","Sospechosa",0.982
"temporal","Normal","Normal",0.16
"temporal","Normal","Normal",0.1
"temporal","Normal","Normal",0.31
"temporal","Normal","Normal",0.048
"temporal","Normal","Sospechosa",0.634
"temporal","Normal","Normal",0.348
"temporal","Sospechosa","Sospechosa",0.926
"temporal","Normal","Normal",0.16
"temporal","Normal","Normal",0.1
"temporal","Normal","Normal",0.31
"temporal","Normal","Normal",0.048
"temporal","Normal","Sospechosa",0.634
"temporal","Normal","Normal",0.348
"temporal","Sospechosa","Sospechosa",0.926
"temporal","Normal","Normal",0.16
"temporal","Normal","Normal",0.1
"temporal","Normal","Normal",0.31
"temporal","Normal","Normal",0.048
"temporal","Normal","Sospechosa",0.634
"temporal","Normal","Normal",0.348
"temporal","Sospechosa","Sospechosa",0.926
"temporal","Normal","Normal",0.044
"temporal","Normal","Normal",0.048
"temporal","Normal","Normal",0.024
"temporal","Normal","Normal",0.008
"temporal","Normal","Normal",0.076
"temporal","Normal","Normal",0.044
"temporal","Sospechosa","Sospechosa",0.91
"temporal","Sospechosa","Normal",0.458
"temporal","Sospechosa","Sospechosa",0.524
"temporal","Normal","Normal",0.222
"temporal","Sospechosa","Normal",0.362
"temporal","Sospechosa","Normal",0.174
"temporal","Sospechosa","Normal",0.322
"temporal","Sospechosa","Sospechosa",0.716
"temporal","Sospechosa","Normal",0.232
"temporal","Normal","Normal",0.444
"temporal","Normal","Normal",0.338
"temporal","Normal","Normal",0.29
"temporal","Normal","Sospechosa",0.632
"temporal","Normal","Normal",0.316
"temporal","Normal","Normal",0.438
"temporal","Normal","Normal",0.426
"temporal","Sospechosa","Sospechosa",0.71
"temporal","Sospechosa","Normal",0.394
"temporal","Normal","Normal",0.41
"temporal","Normal","Normal",0.162
"temporal","Normal","Sospechosa",0.636
"temporal","Normal","Normal",0.4
"temporal","Normal","Normal",0.204
"temporal","Normal","Normal",0.36
"temporal","Normal","Sospechosa",0.552
"temporal","Normal","Normal",0.368
"temporal","Normal","Normal",0.168
"temporal","Sospechosa","Normal",0.486
"temporal","Sospechosa","Sospechosa",0.558
"temporal","Normal","Normal",0.458
"temporal","Normal","Normal",0.274
"temporal","Sospechosa","Sospechosa",0.512
"temporal","Sospechosa","Normal",0.476
"temporal","Sospechosa","Sospechosa",0.594
"temporal","Sospechosa","Normal",0.282
"temporal","Sospechosa","Normal",0.256
"temporal","Sospechosa","Normal",0.346
"temporal","Normal","Normal",0.416
"temporal","Normal","Normal",0.476
"temporal","Sospechosa","Sospechosa",0.558
"temporal","Sospechosa","Normal",0.382
"temporal","Normal","Normal",0.476
"temporal","Normal","Sospechosa",0.576
"temporal","Normal","Normal",0.438
"temporal","Sospechosa","Normal",0.314
"temporal","Normal","Normal",0.428
"temporal","Normal","Normal",0.458
"temporal","Sospechosa","Normal",0.126
"temporal","Sospechosa","Normal",0.18
"temporal","Normal","Normal",0.208
"temporal","Sospechosa","Sospechosa",0.546
"temporal","Sospechosa","Normal",0.286
"temporal","Normal","Normal",0.322
"temporal","Normal","Normal",0.206
"temporal","Normal","Normal",0.31
"temporal","Normal","Normal",0.216
"temporal","Sospechosa","Sospechosa",0.558
"temporal","Sospechosa","Normal",0.32
"temporal","Normal","Normal",0.208
"temporal","Normal","Normal",0.178
"temporal","Normal","Sospechosa",0.64
"temporal","Sospechosa","Normal",0.384
"temporal","Sospechosa","Normal",0.186
"temporal","Sospechosa","Sospechosa",0.688
"temporal","Sospechosa","Sospechosa",0.546
"temporal","Sospechosa","Sospechosa",0.716
"temporal","Sospechosa","Normal",0.22
"temporal","Normal","Sospechosa",0.636
"temporal","Normal","Normal",0.246
"temporal","Normal","Normal",0.222
"temporal","Normal","Sospechosa",0.638
"temporal","Sospechosa","Normal",0.37
"temporal","Normal","Normal",0.382
"temporal","Normal","Normal",0.378
"temporal","Sospechosa","Sospechosa",0.552
"temporal","Sospechosa","Normal",0.394
"temporal","Sospechosa","Normal",0.264
"temporal","Sospechosa","Normal",0.284
"temporal","Normal","Normal",0.164
"temporal","Normal","Normal",0.4
"temporal","Normal","Normal",0.204
"temporal","Sospechosa","Normal",0.494
"temporal","Normal","Sospechosa",0.51
"temporal","Normal","Normal",0.39
"temporal","Normal","Normal",0.212
"temporal","Normal","Normal",0.458
"temporal","Sospechosa","Normal",0.444
"temporal","Sospechosa","Sospechosa",0.576
"temporal","Sospechosa","Normal",0.482
"temporal","Sospechosa","Sospechosa",0.558
"temporal","Normal","Normal",0.116
"temporal","Normal","Normal",0.31
"temporal","Sospechosa","Sospechosa",0.524
"temporal","Sospechosa","Normal",0.476
"temporal","Sospechosa","Normal",0.274
"temporal","Normal","Normal",0.188
"temporal","Normal","Normal",0.17
"temporal","Normal","Sospechosa",0.55
"temporal","Sospechosa","Sospechosa",0.53
"temporal","Sospechosa","Normal",0.43
"temporal","Sospechosa","Normal",0.35
"temporal","Normal","Normal",0.466
"temporal","Normal","Normal",0.43
"temporal","Sospechosa","Normal",0.292
"temporal","Sospechosa","Normal",0.284
"temporal","Normal","Normal",0.334
"temporal","Sospechosa","Normal",0.226
"temporal","Sospechosa","Sospechosa",0.59
"temporal","Sospechosa","Normal",0.288
"temporal","Sospechosa","Normal",0.162
"temporal","Sospechosa","Sospechosa",0.602
"temporal","Sospechosa","Normal",0.338
"temporal","Sospechosa","Sospechosa",0.518
"temporal","Sospechosa","Normal",0.208
"temporal","Sospechosa","Normal",0.26
"temporal","Sospechosa","Normal",0.218
"temporal","Sospechosa","Normal",0.144
"temporal","Normal","Normal",0.39
"temporal","Normal","Sospechosa",0.636
"temporal","Normal","Normal",0.394
"temporal","Sospechosa","Sospechosa",0.536
"temporal","Sospechosa","Normal",0.38
"temporal","Normal","Sospechosa",0.524
"temporal","Normal","Normal",0.254
"temporal","Normal","Sospechosa",0.504
"temporal","Normal","Normal",0.088
"temporal","Normal","Normal",0.332
"temporal","Normal","Normal",0.206
"temporal","Sospechosa","Normal",0.14
"temporal","Sospechosa","Sospechosa",0.688
"temporal","Sospechosa","Normal",0.154
"temporal","Normal","Normal",0.296
"temporal","Normal","Normal",0.082
"temporal","Sospechosa","Sospechosa",0.518
"temporal","Sospechosa","Normal",0.434
"temporal","Sospechosa","Normal",0.054
"temporal","Normal","Sospechosa",0.666
"temporal","Normal","Normal",0.43
"temporal","Normal","Normal",0.06
"temporal","Normal","Sospechosa",0.518
"temporal","Normal","Sospechosa",0.546
"temporal","Normal","Normal",0.054
"temporal","Sospechosa","Sospechosa",0.86
"temporal","Sospechosa","Normal",0.466
"temporal","Normal","Normal",0.104
"temporal","Sospechosa","Normal",0.142
"temporal","Sospechosa","Sospechosa",0.572
"temporal","Normal","Normal",0.074
"temporal","Normal","Normal",0.082
"temporal","Normal","Sospechosa",0.588
"temporal","Sospechosa","Normal",0.086
"temporal","Sospechosa","Normal",0.47
"temporal","Sospechosa","Normal",0.082
"temporal","Normal","Normal",0.426
"temporal","Normal","Normal",0.082
"temporal","Sospechosa","Normal",0.432
"temporal","Sospechosa","Normal",0.47
"temporal","Sospechosa","Normal",0.054
"temporal","Normal","Sospechosa",0.62
"temporal","Normal","Sospechosa",0.544
"temporal","Normal","Normal",0.082
"temporal","Normal","Normal",0.268
"temporal","Normal","Sospechosa",0.546
"temporal","Normal","Normal",0.054
"temporal","Sospechosa","Normal",0.434
"temporal","Sospechosa","Normal",0.484
"temporal","Normal","Normal",0.086
"temporal","Sospechosa","Normal",0.272
"temporal","Sospechosa","Sospechosa",0.572
"temporal","Normal","Normal",0.074
"temporal","Normal","Normal",0.396
"temporal","Normal","Normal",0.496
"temporal","Sospechosa","Normal",0.492
"temporal","Sospechosa","Sospechosa",0.768
"temporal","Sospechosa","Sospechosa",0.548
"temporal","Normal","Normal",0.122
"temporal","Sospechosa","Normal",0.448
"temporal","Sospechosa","Sospechosa",0.796
"temporal","Sospechosa","Sospechosa",0.788
"temporal","Normal","Normal",0.16
"temporal","Normal","Sospechosa",0.536
"temporal","Normal","Sospechosa",0.786
"temporal","Normal","Sospechosa",0.544
"temporal","Normal","Normal",0.408
"temporal","Normal","Sospechosa",0.75
"temporal","Normal","Sospechosa",0.544
"temporal","Sospechosa","Normal",0.444
"temporal","Sospechosa","Sospechosa",0.554
"temporal","Normal","Normal",0.448
"temporal","Normal","Sospechosa",0.612
"temporal","Normal","Normal",0.032
"temporal","Normal","Sospechosa",0.544
"temporal","Normal","Sospechosa",0.51
"temporal","Normal","Normal",0.25
"temporal","Sospechosa","Normal",0.4
"temporal","Sospechosa","Sospechosa",0.766
"temporal","Sospechosa","Sospechosa",0.538
"temporal","Normal","Normal",0.292
"temporal","Normal","Normal",0.31
"temporal","Sospechosa","Normal",0.49
"temporal","Sospechosa","Sospechosa",0.796
"temporal","Sospechosa","Normal",0.16
"temporal","Normal","Sospechosa",0.558
"temporal","Normal","Sospechosa",0.536
"temporal","Normal","Normal",0.17
"temporal","Normal","Normal",0.48
"temporal","Normal","Sospechosa",0.614
"temporal","Normal","Normal",0.408
"temporal","Sospechosa","Normal",0.402
"temporal","Sospechosa","Normal",0.484
"temporal","Normal","Normal",0.222
"temporal","Sospechosa","Normal",0.164
"temporal","Sospechosa","Sospechosa",0.512
"temporal","Normal","Sospechosa",0.544
"temporal","Normal","Normal",0.11
"temporal","Normal","Sospechosa",0.716
"temporal","Normal","Sospechosa",0.75
"temporal","Normal","Normal",0.22
"temporal","Normal","Normal",0.426
"temporal","Normal","Sospechosa",0.624
"temporal","Sospechosa","Normal",0.46
"temporal","Sospechosa","Sospechosa",0.682
"temporal","Normal","Normal",0.366
"temporal","Sospechosa","Sospechosa",0.532
"temporal","Sospechosa","Normal",0.436
"temporal","Sospechosa","Sospechosa",0.566
"temporal","Normal","Normal",0.316
"temporal","Normal","Normal",0.292
"temporal","Normal","Sospechosa",0.544
"temporal","Normal","Normal",0.214
"temporal","Normal","Sospechosa",0.522
"temporal","Normal","Normal",0.404
"temporal","Normal","Normal",0.18
"temporal","Sospechosa","Sospechosa",0.566
"temporal","Sospechosa","Sospechosa",0.544
"temporal","Sospechosa","Sospechosa",0.566
"temporal","Sospechosa","Sospechosa",0.648
"temporal","Normal","Normal",0.18
"temporal","Normal","Normal",0.078
"temporal","Normal","Normal",0.358
"temporal","Normal","Normal",0.268
"temporal","Sospechosa","Sospechosa",0.566
"temporal","Sospechosa","Sospechosa",0.544
"temporal","Sospechosa","Normal",0.494
"temporal","Sospechosa","Sospechosa",0.566
"temporal","Normal","Sospechosa",0.546
"temporal","Normal","Sospechosa",0.504
"temporal","Sospechosa","Sospechosa",0.564
"temporal","Sospechosa","Sospechosa",0.536
"temporal","Sospechosa","Normal",0.446
"temporal","Normal","Sospechosa",0.564
"temporal","Sospechosa","Normal",0.41
"temporal","Sospechosa","Sospechosa",0.786
"temporal","Sospechosa","Sospechosa",0.566
"temporal","Sospechosa","Sospechosa",0.544
"temporal","Sospechosa","Normal",0.218
"temporal","Normal","Sospechosa",0.566
"temporal","Normal","Sospechosa",0.684
"temporal","Normal","Normal",0.438
"temporal","Sospechosa","Sospechosa",0.618
"temporal","Sospechosa","Normal",0.422
"temporal","Sospechosa","Normal",0.412
"temporal","Normal","Sospechosa",0.592
"temporal","Normal","Normal",0.066
"temporal","Normal","Sospechosa",0.566
"temporal","Normal","Sospechosa",0.65
"temporal","Sospechosa","Sospechosa",0.582
"temporal","Sospechosa","Normal",0.432
"temporal","Normal","Normal",0.438
"temporal","Sospechosa","Sospechosa",0.546
"temporal","Sospechosa","Normal",0.414
"temporal","Sospechosa","Sospechosa",0.546
"temporal","Normal","Normal",0.324
"temporal","Normal","Normal",0.126
"temporal","Normal","Sospechosa",0.554
"temporal","Normal","Normal",0.486
"temporal","Normal","Sospechosa",0.544
"temporal","Normal","Normal",0.482
"temporal","Normal","Normal",0.494
"temporal","Normal","Normal",0.438
"temporal","Normal","Normal",0.124
"temporal","Normal","Normal",0.438
"temporal","Normal","Normal",0.366
"temporal","Normal","Normal",0.482
"temporal","Normal","Normal",0.02
"temporal","Normal","Normal",0.438
"temporal","Normal","Sospechosa",0.544
"temporal","Normal","Normal",0.1
"temporal","Normal","Normal",0.386
"temporal","Normal","Normal",0.438
"temporal","Normal","Sospechosa",0.538
"temporal","Normal","Normal",0.412
"temporal","Normal","Normal",0.298
"temporal","Normal","Normal",0.436
"temporal","Normal","Sospechosa",0.59
"temporal","Normal","Normal",0.436
"temporal","Normal","Normal",0.402
"temporal","Normal","Normal",0.442
"temporal","Sospechosa","Normal",0.488
"temporal","Sospechosa","Normal",0.28
"temporal","Normal","Normal",0.496
"temporal","Normal","Normal",0.446
"temporal","Normal","Normal",0.314
"temporal","Normal","Sospechosa",0.592
"temporal","Normal","Sospechosa",0.608
"temporal","Normal","Normal",0.42
"temporal","Normal","Sospechosa",0.514
"temporal","Normal","Normal",0.268
"temporal","Normal","Sospechosa",0.662
"temporal","Normal","Normal",0.492
"temporal","Normal","Normal",0.3
"temporal","Normal","Sospechosa",0.756
"temporal","Normal","Normal",0.302
"temporal","Normal","Normal",0.084
"temporal","Normal","Normal",0.146
"temporal","Normal","Normal",0.328
"temporal","Sospechosa","Normal",0.146
"temporal","Sospechosa","Normal",0.398
"temporal","Normal","Normal",0.18
"temporal","Sospechosa","Normal",0.176
"temporal","Sospechosa","Normal",0.316
"temporal","Sospechosa","Normal",0.226
"temporal","Normal","Normal",0.186
"temporal","Normal","Sospechosa",0.652
"temporal","Normal","Normal",0.214
"temporal","Normal","Normal",0.132
"temporal","Normal","Normal",0.182
"temporal","Normal","Normal",0.22
"temporal","Normal","Normal",0.054
"temporal","Sospechosa","Normal",0.226
"temporal","Sospechosa","Normal",0.404
"temporal","Sospechosa","Normal",0.176
"temporal","Sospechosa","Normal",0.35
"temporal","Normal","Normal",0.134
"temporal","Normal","Normal",0.056
"temporal","Normal","Normal",0.216
"temporal","Normal","Normal",0.016
"temporal","Sospechosa","Normal",0.272
"temporal","Sospechosa","Normal",0.404
"temporal","Sospechosa","Sospechosa",0.56
"temporal","Sospechosa","Normal",0.226
"temporal","Normal","Normal",0.32
"temporal","Normal","Normal",0.312
"temporal","Sospechosa","Normal",0.26
"temporal","Sospechosa","Sospechosa",0.524
"temporal","Sospechosa","Sospechosa",0.698
"temporal","Normal","Normal",0.252
"temporal","Sospechosa","Normal",0.26
"temporal","Sospechosa","Normal",0.462
"temporal","Sospechosa","Normal",0.272
"temporal","Sospechosa","Normal",0.404
"temporal","Sospechosa","Normal",0.308
"temporal","Normal","Normal",0.226
"temporal","Normal","Normal",0.31
"temporal","Normal","Normal",0.25
"temporal","Sospechosa","Normal",0.282
"temporal","Sospechosa","Normal",0.196
"temporal","Sospechosa","Normal",0.272
"temporal","Normal","Normal",0.374
"temporal","Normal","Normal",0.012
"temporal","Normal","Normal",0.118
"temporal","Normal","Normal",0.336
"temporal","Normal","Normal",0.304
"temporal","Sospechosa","Normal",0.386
"temporal","Sospechosa","Normal",0.276
"temporal","Normal","Normal",0.19
"temporal","Normal","Normal",0.46
"temporal","Sospechosa","Normal",0.158
"temporal","Sospechosa","Normal",0.258
"temporal","Sospechosa","Normal",0.158
"temporal","Normal","Normal",0.218
"temporal","Normal","Normal",0.366
"temporal","Normal","Normal",0.254
"temporal","Normal","Normal",0.148
"temporal","Normal","Normal",0.12
"temporal","Normal","Normal",0.148
"temporal","Normal","Normal",0.348
"temporal","Normal","Normal",0.108
"temporal","Sospechosa","Sospechosa",0.818
"temporal","Normal","Normal",0.362
"temporal","Normal","Normal",0.234
"temporal","Normal","Normal",0.424
"temporal","Normal","Sospechosa",0.506
"temporal","Normal","Normal",0.382
"temporal","Normal","Normal",0.064
"temporal","Normal","Normal",0.426
"temporal","Normal","Sospechosa",0.734
"temporal","Normal","Normal",0.274
"temporal","Normal","Sospechosa",0.59
"temporal","Normal","Normal",0.424
"temporal","Normal","Sospechosa",0.872
"temporal","Normal","Normal",0.378
"temporal","Sospechosa","Sospechosa",0.85
"temporal","Normal","Normal",0.418
"temporal","Normal","Normal",0.268
"temporal","Normal","Normal",0.418
"temporal","Normal","Normal",0.232
"temporal","Normal","Normal",0.32
"temporal","Sospechosa","Sospechosa",0.514
"temporal","Sospechosa","Normal",0.288
"temporal","Normal","Normal",0.356
"temporal","Normal","Sospechosa",0.592
"temporal","Normal","Normal",0.106
"temporal","Normal","Normal",0.364
"temporal","Normal","Sospechosa",0.616
"temporal","Normal","Normal",0.284
"temporal","Normal","Normal",0.494
"temporal","Normal","Normal",0.11
"temporal","Normal","Normal",0.038
"temporal","Sospechosa","Sospechosa",0.814
"temporal","Normal","Normal",0.28
"temporal","Normal","Normal",0.022
"temporal","Sospechosa","Sospechosa",0.904
"temporal","Normal","Normal",0.154
"temporal","Sospechosa","Sospechosa",0.608
"temporal","Sospechosa","Sospechosa",0.79
"temporal","Sospechosa","Sospechosa",0.666
"temporal","Normal","Sospechosa",0.524
"temporal","Normal","Normal",0.318
"temporal","Normal","Normal",0.226
"temporal","Normal","Normal",0.172
"temporal","Normal","Normal",0.064
"temporal","Sospechosa","Sospechosa",0.738
"temporal","Sospechosa","Sospechosa",0.696
"temporal","Sospechosa","Sospechosa",0.756
"temporal","Sospechosa","Sospechosa",0.708
"temporal","Normal","Normal",0.376
"temporal","Normal","Normal",0.076
"temporal","Normal","Normal",0.07
"temporal","Normal","Normal",0.17
"temporal","Sospechosa","Sospechosa",0.818
"temporal","Sospechosa","Sospechosa",0.766
"temporal","Normal","Normal",0.314
"temporal","Normal","Normal",0.122
"temporal","Normal","Normal",0.268
"temporal","Normal","Normal",0.226
"temporal","Normal","Normal",0.146
"temporal","Sospechosa","Sospechosa",0.524
"temporal","Sospechosa","Sospechosa",0.554
"temporal","Normal","Normal",0.07
"temporal","Normal","Normal",0.272
"temporal","Normal","Normal",0.186
"temporal","Sospechosa","Sospechosa",0.572
"temporal","Sospechosa","Sospechosa",0.522
"temporal","Sospechosa","Sospechosa",0.666
"temporal","Normal","Normal",0.064
"temporal","Sospechosa","Sospechosa",0.616
"temporal","Sospechosa","Sospechosa",0.534
"temporal","Normal","Normal",0.11
"temporal","Normal","Normal",0.214
"temporal","Sospechosa","Sospechosa",0.726
"temporal","Sospechosa","Sospechosa",0.594
"temporal","Normal","Normal",0.376
"temporal","Sospechosa","Sospechosa",0.596
"temporal","Sospechosa","Sospechosa",0.79
"temporal","Sospechosa","Sospechosa",0.666
"temporal","Normal","Normal",0.246
"temporal","Sospechosa","Sospechosa",0.732
"temporal","Sospechosa","Normal",0.5
"temporal","Normal","Normal",0.282
"temporal","Normal","Sospechosa",0.522
"temporal","Normal","Sospechosa",0.586
"temporal","Normal","Normal",0.062
"temporal","Normal","Sospechosa",0.752
"temporal","Normal","Normal",0.464
"temporal","Sospechosa","Normal",0.346
"temporal","Sospechosa","Sospechosa",0.696
"temporal","Sospechosa","Sospechosa",0.756
"temporal","Sospechosa","Sospechosa",0.78
"temporal","Normal","Normal",0.314
"temporal","Normal","Normal",0.086
"temporal","Normal","Normal",0.068
"temporal","Normal","Normal",0.17
"temporal","Sospechosa","Sospechosa",0.818
"temporal","Sospechosa","Sospechosa",0.76
"temporal","Normal","Normal",0.314
"temporal","Normal","Normal",0.122
"temporal","Normal","Normal",0.268
"temporal","Normal","Normal",0.168
"temporal","Normal","Normal",0.146
"temporal","Sospechosa","Sospechosa",0.592
"temporal","Sospechosa","Sospechosa",0.616
"temporal","Normal","Normal",0.07
"temporal","Normal","Normal",0.186
"temporal","Normal","Normal",0.172
"temporal","Sospechosa","Normal",0.298
"temporal","Sospechosa","Sospechosa",0.522
"temporal","Sospechosa","Sospechosa",0.57
"temporal","Normal","Normal",0.084
"temporal","Sospechosa","Sospechosa",0.56
"temporal","Sospechosa","Normal",0.222
"temporal","Normal","Normal",0.298
"temporal","Sospechosa","Normal",0.38
"temporal","Sospechosa","Normal",0.438
"temporal","Normal","Normal",0.384
"temporal","Normal","Normal",0.49
"temporal","Normal","Normal",0.372
"temporal","Normal","Normal",0.468
"temporal","Normal","Normal",0.266
"temporal","Normal","Normal",0.422
"temporal","Sospechosa","Normal",0.184
"temporal","Sospechosa","Normal",0.444
"temporal","Normal","Normal",0.088
"temporal","Normal","Sospechosa",0.524
"temporal","Normal","Normal",0.33
"temporal","Normal","Normal",0.394
"temporal","Sospechosa","Normal",0.396
"temporal","Sospechosa","Normal",0.492
"temporal","Normal","Sospechosa",0.732
"temporal","Normal","Normal",0.49
"temporal","Normal","Normal",0.264
"temporal","Normal","Sospechosa",0.692
"temporal","Normal","Normal",0.174
"temporal","Normal","Sospechosa",0.522
"temporal","Normal","Normal",0.428
"temporal","Normal","Normal",0.266
"temporal","Normal","Sospechosa",0.522
"temporal","Normal","Normal",0.152
"temporal","Normal","Normal",0.486
"temporal","Sospechosa","Sospechosa",0.554
"temporal","Sospechosa","Normal",0.24
"temporal","Normal","Normal",0.174
"temporal","Normal","Sospechosa",0.742
"temporal","Normal","Normal",0.3
"temporal","Normal","Sospechosa",0.736
"temporal","Normal","Normal",0.116
"temporal","Normal","Normal",0.254
"temporal","Normal","Normal",0.394
"temporal","Normal","Normal",0.486
"temporal","Normal","Normal",0.436
"temporal","Normal","Sospechosa",0.848
"temporal","Normal","Normal",0.108
"temporal","Normal","Normal",0.074
"temporal","Normal","Normal",0.34
"temporal","Normal","Normal",0.438
"temporal","Sospechosa","Normal",0.34
"temporal","Sospechosa","Normal",0.098
"temporal","Sospechosa","Sospechosa",0.658
"temporal","Normal","Normal",0.336
"temporal","Normal","Sospechosa",0.554
"temporal","Sospechosa","Normal",0.378
"temporal","Sospechosa","Sospechosa",0.864
"temporal","Normal","Normal",0.438
"temporal","Normal","Sospechosa",0.724
"temporal","Normal","Normal",0.468
"temporal","Normal","Normal",0.43
"temporal","Normal","Normal",0.362
"temporal","Normal","Normal",0.4
"temporal","Normal","Normal",0.336
"temporal","Sospechosa","Sospechosa",0.546
"temporal","Sospechosa","Normal",0.438
"temporal","Normal","Normal",0.074
"temporal","Normal","Normal",0.41
"temporal","Normal","Sospechosa",0.572
"temporal","Normal","Sospechosa",0.542
"temporal","Sospechosa","Normal",0.44
"temporal","Sospechosa","Normal",0.344
"temporal","Normal","Sospechosa",0.672
"temporal","Normal","Sospechosa",0.536
"temporal","Normal","Sospechosa",0.752
"temporal","Normal","Normal",0.348
"temporal","Normal","Sospechosa",0.76
"temporal","Normal","Normal",0.094
"temporal","Sospechosa","Normal",0.48
"temporal","Sospechosa","Normal",0.33
"temporal","Normal","Sospechosa",0.77
"temporal","Sospechosa","Normal",0.494
"temporal","Sospechosa","Sospechosa",0.554
"temporal","Sospechosa","Normal",0.492
"temporal","Normal","Normal",0.306
"temporal","Sospechosa","Normal",0.174
"temporal","Sospechosa","Normal",0.066
"temporal","Normal","Normal",0.492
"temporal","Sospechosa","Sospechosa",0.518
"temporal","Sospechosa","Normal",0.206
"temporal","Normal","Normal",0.5
"temporal","Sospechosa","Sospechosa",0.688
"temporal","Sospechosa","Normal",0.178
"temporal","Sospechosa","Normal",0.29
"temporal","Sospechosa","Sospechosa",0.658
"temporal","Normal","Sospechosa",0.654
"temporal","Normal","Normal",0.066
"temporal","Sospechosa","Normal",0.116
"temporal","Sospechosa","Sospechosa",0.544
"temporal","Sospechosa","Sospechosa",0.508
"temporal","Normal","Normal",0.34
"temporal","Normal","Normal",0.49
"temporal","Sospechosa","Sospechosa",0.622
"temporal","Sospechosa","Sospechosa",0.51
"temporal","Normal","Sospechosa",0.598
"temporal","Sospechosa","Normal",0.24
"temporal","Sospechosa","Sospechosa",0.914
"temporal","Normal","Normal",0.332
"temporal","Normal","Sospechosa",0.6
"temporal","Normal","Sospechosa",0.548
"temporal","Sospechosa","Normal",0.304
"temporal","Sospechosa","Normal",0.268
"temporal","Sospechosa","Sospechosa",0.57
"temporal","Sospechosa","Normal",0.108
"temporal","Sospechosa","Normal",0.44
"temporal","Sospechosa","Normal",0.29
"temporal","Normal","Normal",0.426
"temporal","Sospechosa","Sospechosa",0.518
"temporal","Sospechosa","Sospechosa",0.798
"temporal","Sospechosa","Normal",0.5
"temporal","Sospechosa","Sospechosa",0.736
"temporal","Sospechosa","Normal",0.27
"temporal","Normal","Normal",0.36
"temporal","Normal","Sospechosa",0.774
"temporal","Normal","Normal",0.024
"temporal","Normal","Sospechosa",0.752
"temporal","Normal","Normal",0.35
"temporal","Normal","Normal",0.054
"temporal","Normal","Normal",0.248
"temporal","Normal","Normal",0.32
"temporal","Normal","Sospechosa",0.62
"temporal","Normal","Normal",0.474
"temporal","Normal","Normal",0.414
"temporal","Normal","Normal",0.334
"temporal","Normal","Normal",0.404
"temporal","Normal","Sospechosa",0.752
"temporal","Normal","Normal",0.02
"temporal","Normal","Sospechosa",0.774
"temporal","Normal","Normal",0.386
"temporal","Normal","Normal",0.062
"temporal","Normal","Normal",0.31
"temporal","Normal","Normal",0.32
"temporal","Normal","Sospechosa",0.62
"temporal","Normal","Normal",0.474
"temporal","Normal","Normal",0.414
"temporal","Normal","Normal",0.37
"temporal","Normal","Sospechosa",0.504
"temporal","Sospechosa","Sospechosa",0.876
"temporal","Sospechosa","Normal",0.3
"temporal","Sospechosa","Normal",0.23
"temporal","Sospechosa","Sospechosa",0.666
"temporal","Sospechosa","Sospechosa",0.746
"temporal","Sospechosa","Sospechosa",0.83
"temporal","Normal","Normal",0.136
"temporal","Normal","Normal",0.1
"temporal","Normal","Sospechosa",0.554
"temporal","Normal","Normal",0.328
"temporal","Sospechosa","Sospechosa",0.872
"temporal","Normal","Normal",0.32
"temporal","Normal","Normal",0.38
"temporal","Normal","Normal",0.398
"temporal","Sospechosa","Sospechosa",0.546
"temporal","Sospechosa","Normal",0.322
"temporal","Normal","Normal",0.432
"temporal","Normal","Sospechosa",0.58
"temporal","Sospechosa","Sospechosa",0.542
"temporal","Sospechosa","Normal",0.416
"temporal","Normal","Normal",0.17
"temporal","Normal","Normal",0.346
"temporal","Sospechosa","Normal",0.428
"temporal","Sospechosa","Normal",0.47
"temporal","Sospechosa","Normal",0.37
"temporal","Sospechosa","Sospechosa",0.75
"temporal","Normal","Sospechosa",0.546
"temporal","Normal","Normal",0.258
"temporal","Sospechosa","Sospechosa",0.822
"temporal","Sospechosa","Sospechosa",0.64
"temporal","Sospechosa","Sospechosa",0.506
"temporal","Sospechosa","Normal",0.146
"temporal","Normal","Normal",0.394
"temporal","Sospechosa","Normal",0.39
"temporal","Sospechosa","Normal",0.19
"temporal","Normal","Normal",0.436
"temporal","Normal","Normal",0.104
"temporal","Normal","Sospechosa",0.682
"temporal","Normal","Normal",0.286
"aleatorio","Normal","Normal",0.028
"aleatorio","Sospechosa","Sospechosa",0.946
"aleatorio","Sospechosa","Normal",0.464
"aleatorio","Normal","Normal",0.14
"aleatorio","Sospechosa","Sospechosa",0.71
"aleatorio","Normal","Normal",0.204
"aleatorio","Normal","Normal",0.028
"aleatorio","Normal","Normal",0.024
"aleatorio","Sospechosa","Sospechosa",0.946
"aleatorio","Normal","Normal",0.026
"aleatorio","Normal","Normal",0.274
"aleatorio","Normal","Normal",0.27
"aleatorio","Sospechosa","Sospechosa",0.578
"aleatorio","Normal","Normal",0.138
"aleatorio","Sospechosa","Sospechosa",0.716
"aleatorio","Sospechosa","Sospechosa",0.508
"aleatorio","Normal","Normal",0.202
"aleatorio","Normal","Normal",0.03
"aleatorio","Sospechosa","Sospechosa",0.814
"aleatorio","Normal","Normal",0.01
"aleatorio","Sospechosa","Sospechosa",0.97
"aleatorio","Normal","Normal",0.204
"aleatorio","Sospechosa","Sospechosa",0.682
"aleatorio","Sospechosa","Sospechosa",0.638
"aleatorio","Sospechosa","Normal",0.398
"aleatorio","Sospechosa","Normal",0.494
"aleatorio","Normal","Normal",0.098
"aleatorio","Sospechosa","Sospechosa",0.914
"aleatorio","Sospechosa","Sospechosa",0.938
"aleatorio","Sospechosa","Normal",0.474
"aleatorio","Sospechosa","Normal",0.444
"aleatorio","Sospechosa","Sospechosa",0.522
"aleatorio","Sospechosa","Normal",0.192
"aleatorio","Normal","Normal",0.442
"aleatorio","Normal","Sospechosa",0.57
"aleatorio","Sospechosa","Sospechosa",0.678
"aleatorio","Normal","Sospechosa",0.584
"aleatorio","Normal","Sospechosa",0.612
"aleatorio","Normal","Normal",0.156
"aleatorio","Sospechosa","Sospechosa",0.68
"aleatorio","Sospechosa","Normal",0.144
"aleatorio","Sospechosa","Normal",0.38
"aleatorio","Normal","Normal",0.016
"aleatorio","Sospechosa","Sospechosa",0.852
"aleatorio","Normal","Sospechosa",0.55
"aleatorio","Sospechosa","Sospechosa",0.556
"aleatorio","Sospechosa","Normal",0.104
"aleatorio","Normal","Normal",0.164
"aleatorio","Sospechosa","Sospechosa",0.648
"aleatorio","Normal","Normal",0.152
"aleatorio","Normal","Normal",0.068
"aleatorio","Sospechosa","Normal",0.202
"aleatorio","Normal","Normal",0.004
"aleatorio","Sospechosa","Sospechosa",0.746
"aleatorio","Normal","Normal",0.064
"aleatorio","Normal","Normal",0.414
"aleatorio","Normal","Normal",0.164
"aleatorio","Normal","Sospechosa",0.636
"aleatorio","Sospechosa","Sospechosa",0.868
"aleatorio","Sospechosa","Sospechosa",0.74
"aleatorio","Normal","Normal",0.006
"aleatorio","Normal","Normal",0.006
"aleatorio","Normal","Normal",0
"aleatorio","Sospechosa","Sospechosa",0.96
"aleatorio","Normal","Sospechosa",0.536
"aleatorio","Normal","Sospechosa",0.51
"aleatorio","Sospechosa","Sospechosa",1
"aleatorio","Sospechosa","Sospechosa",0.522
"aleatorio","Normal","Sospechosa",0.606
"aleatorio","Sospechosa","Sospechosa",0.578
"aleatorio","Sospechosa","Sospechosa",0.844
"aleatorio","Sospechosa","Sospechosa",0.964
"aleatorio","Normal","Sospechosa",0.524
"aleatorio","Normal","Sospechosa",0.552
"aleatorio","Normal","Normal",0.26
"aleatorio","Normal","Normal",0.286
"aleatorio","Normal","Normal",0.148
"aleatorio","Normal","Normal",0.04
"aleatorio","Normal","Normal",0.13
"aleatorio","Sospechosa","Sospechosa",0.954
"aleatorio","Normal","Normal",0.104
"aleatorio","Normal","Sospechosa",0.558
"aleatorio","Normal","Normal",0.022
"aleatorio","Sospechosa","Sospechosa",0.972
"aleatorio","Normal","Normal",0.054
"aleatorio","Normal","Normal",0.12
"aleatorio","Sospechosa","Sospechosa",0.97
"aleatorio","Normal","Normal",0.032
"aleatorio","Normal","Normal",0.054
"aleatorio","Normal","Normal",0.026
"aleatorio","Sospechosa","Sospechosa",0.88
"aleatorio","Sospechosa","Sospechosa",0.842
"aleatorio","Normal","Normal",0.054
"aleatorio","Normal","Normal",0.012
"aleatorio","Sospechosa","Sospechosa",0.88
"aleatorio","Sospechosa","Sospechosa",0.956
"aleatorio","Normal","Normal",0.042
"aleatorio","Normal","Normal",0.088
"aleatorio","Normal","Normal",0.132
"aleatorio","Normal","Normal",0.204
"aleatorio","Sospechosa","Sospechosa",0.684
"aleatorio","Normal","Normal",0.492
"aleatorio","Normal","Normal",0.116
"aleatorio","Normal","Normal",0.072
"aleatorio","Sospechosa","Normal",0.306
"aleatorio","Normal","Normal",0.184
"aleatorio","Sospechosa","Sospechosa",0.57
"aleatorio","Sospechosa","Normal",0.018
"aleatorio","Sospechosa","Normal",0.074
"aleatorio","Sospechosa","Normal",0.436
"aleatorio","Sospechosa","Normal",0.306
"aleatorio","Sospechosa","Sospechosa",0.886
"aleatorio","Normal","Normal",0.104
"aleatorio","Sospechosa","Sospechosa",0.588
"aleatorio","Sospechosa","Sospechosa",0.534
"aleatorio","Normal","Normal",0.07
"aleatorio","Normal","Normal",0.328
"aleatorio","Sospechosa","Sospechosa",0.796
"aleatorio","Sospechosa","Sospechosa",0.904
"aleatorio","Sospechosa","Sospechosa",0.724
"aleatorio","Sospechosa","Sospechosa",0.978
"aleatorio","Normal","Normal",0.184
"aleatorio","Normal","Normal",0.118
"aleatorio","Normal","Sospechosa",0.532
"aleatorio","Sospechosa","Sospechosa",0.986
"aleatorio","Normal","Sospechosa",0.518
"aleatorio","Sospechosa","Sospechosa",0.764
"aleatorio","Normal","Sospechosa",0.6
"aleatorio","Normal","Normal",0.106
"aleatorio","Normal","Normal",0.29
"aleatorio","Normal","Normal",0.122
"aleatorio","Sospechosa","Sospechosa",0.988
"aleatorio","Sospechosa","Sospechosa",0.774
"aleatorio","Sospechosa","Normal",0.49
"aleatorio","Sospechosa","Normal",0.176
"aleatorio","Sospechosa","Sospechosa",0.554
"aleatorio","Sospechosa","Normal",0.406
"aleatorio","Sospechosa","Normal",0.252
"aleatorio","Normal","Normal",0.112
"aleatorio","Normal","Normal",0.414
"aleatorio","Sospechosa","Normal",0.276
"aleatorio","Sospechosa","Normal",0.392
"aleatorio","Sospechosa","Sospechosa",0.798
"aleatorio","Normal","Sospechosa",0.608
"aleatorio","Normal","Normal",0.066
"aleatorio","Normal","Normal",0.352
"aleatorio","Normal","Normal",0.352
"aleatorio","Sospechosa","Sospechosa",0.806
"aleatorio","Sospechosa","Sospechosa",0.724
"aleatorio","Normal","Normal",0.174
"aleatorio","Normal","Normal",0.26
"aleatorio","Sospechosa","Normal",0.414
"aleatorio","Sospechosa","Sospechosa",0.866
"aleatorio","Normal","Normal",0.236
"aleatorio","Normal","Normal",0.092
"aleatorio","Normal","Sospechosa",0.576
"aleatorio","Sospechosa","Sospechosa",0.514
"aleatorio","Normal","Normal",0.06
"aleatorio","Normal","Normal",0.168
"aleatorio","Normal","Normal",0.008
"aleatorio","Sospechosa","Sospechosa",0.868
"aleatorio","Normal","Normal",0.332
"aleatorio","Normal","Normal",0.412
"aleatorio","Normal","Normal",0.364
"aleatorio","Sospechosa","Sospechosa",0.84
"aleatorio","Sospechosa","Sospechosa",0.958
"aleatorio","Normal","Normal",0.122
"aleatorio","Normal","Normal",0.376
"aleatorio","Sospechosa","Sospechosa",0.842
"aleatorio","Sospechosa","Sospechosa",0.796
"aleatorio","Normal","Sospechosa",0.686
"aleatorio","Normal","Normal",0.032
"aleatorio","Normal","Normal",0
"aleatorio","Sospechosa","Sospechosa",0.844
"aleatorio","Normal","Normal",0.202
"aleatorio","Normal","Normal",0.182
"aleatorio","Normal","Normal",0.272
"aleatorio","Normal","Normal",0.032
"aleatorio","Normal","Normal",0.038
"aleatorio","Normal","Normal",0.074
"aleatorio","Normal","Normal",0.036
"aleatorio","Normal","Normal",0.222
"aleatorio","Normal","Normal",0.222
"aleatorio","Normal","Normal",0.078
"aleatorio","Normal","Sospechosa",0.616
"aleatorio","Normal","Normal",0.062
"aleatorio","Normal","Normal",0.218
"aleatorio","Normal","Normal",0.122
"aleatorio","Normal","Normal",0.008
"aleatorio","Normal","Normal",0
"aleatorio","Normal","Normal",0.402
"aleatorio","Normal","Normal",0.204
"aleatorio","Normal","Normal",0.322
"aleatorio","Normal","Normal",0.214
"aleatorio","Normal","Normal",0.018
"aleatorio","Sospechosa","Sospechosa",0.808
"aleatorio","Sospechosa","Sospechosa",0.96
"aleatorio","Sospechosa","Sospechosa",0.954
"aleatorio","Sospechosa","Sospechosa",0.974
"aleatorio","Normal","Normal",0.228
"aleatorio","Normal","Normal",0.136
"aleatorio","Sospechosa","Normal",0.45
"aleatorio","Sospechosa","Sospechosa",0.764
"aleatorio","Sospechosa","Sospechosa",0.878
"aleatorio","Normal","Sospechosa",0.856
"aleatorio","Sospechosa","Sospechosa",0.884
"aleatorio","Normal","Sospechosa",0.792
"aleatorio","Sospechosa","Sospechosa",0.846
"aleatorio","Normal","Normal",0
"aleatorio","Normal","Normal",0.11
"aleatorio","Normal","Normal",0.134
"aleatorio","Normal","Normal",0.25
"aleatorio","Normal","Normal",0.292
"aleatorio","Normal","Normal",0.062
"aleatorio","Normal","Normal",0.018
"aleatorio","Normal","Normal",0.104
"aleatorio","Normal","Normal",0.066
"aleatorio","Normal","Normal",0.072
"aleatorio","Sospechosa","Sospechosa",0.816
"aleatorio","Normal","Normal",0.004
"aleatorio","Normal","Sospechosa",0.606
"aleatorio","Normal","Normal",0.266
"aleatorio","Normal","Normal",0.024
"aleatorio","Normal","Normal",0.324
"aleatorio","Normal","Normal",0.016
"aleatorio","Normal","Normal",0.094
"aleatorio","Normal","Normal",0.098
"aleatorio","Normal","Normal",0.094
"aleatorio","Normal","Normal",0.004
"aleatorio","Normal","Normal",0.398
"aleatorio","Normal","Normal",0.008
"aleatorio","Normal","Normal",0.24
"aleatorio","Normal","Normal",0.108
"aleatorio","Normal","Normal",0.19
"aleatorio","Sospechosa","Normal",0.498
"aleatorio","Sospechosa","Normal",0.218
"aleatorio","Normal","Normal",0.318
"aleatorio","Sospechosa","Sospechosa",0.95
"aleatorio","Normal","Normal",0.242
"aleatorio","Sospechosa","Sospechosa",0.504
"aleatorio","Sospechosa","Normal",0.37
"aleatorio","Sospechosa","Normal",0.342
"aleatorio","Sospechosa","Sospechosa",0.684
"aleatorio","Normal","Normal",0.436
"aleatorio","Sospechosa","Normal",0.36
"aleatorio","Normal","Normal",0.142
"aleatorio","Normal","Normal",0.182
"aleatorio","Sospechosa","Sospechosa",0.572
"aleatorio","Sospechosa","Sospechosa",0.724
"aleatorio","Normal","Normal",0.196
"aleatorio","Normal","Normal",0.044
"aleatorio","Normal","Normal",0.014
"aleatorio","Sospechosa","Sospechosa",0.994
"aleatorio","Sospechosa","Sospechosa",0.854
"aleatorio","Sospechosa","Sospechosa",0.802
"aleatorio","Normal","Normal",0.208
"aleatorio","Sospechosa","Sospechosa",0.754
"aleatorio","Normal","Normal",0.088
"aleatorio","Normal","Normal",0.424
"aleatorio","Normal","Normal",0.164
"aleatorio","Sospechosa","Sospechosa",0.976
"aleatorio","Sospechosa","Sospechosa",0.968
"aleatorio","Normal","Normal",0.218
"aleatorio","Normal","Normal",0.012
"aleatorio","Sospechosa","Sospechosa",0.556
"aleatorio","Sospechosa","Normal",0.456
"aleatorio","Sospechosa","Sospechosa",0.792
"aleatorio","Normal","Sospechosa",0.59
"aleatorio","Normal","Normal",0.01
"aleatorio","Normal","Normal",0.156
"aleatorio","Sospechosa","Normal",0.426
"aleatorio","Sospechosa","Sospechosa",0.97
"aleatorio","Normal","Normal",0.01
"aleatorio","Sospechosa","Sospechosa",0.704
"aleatorio","Sospechosa","Sospechosa",0.724
"aleatorio","Sospechosa","Sospechosa",0.646
"aleatorio","Normal","Normal",0.058
"aleatorio","Normal","Normal",0.356
"aleatorio","Sospechosa","Normal",0.266
"aleatorio","Normal","Normal",0.056
"aleatorio","Sospechosa","Normal",0.218
"aleatorio","Normal","Normal",0.026
"aleatorio","Sospechosa","Normal",0.438
"aleatorio","Normal","Normal",0.412
"aleatorio","Normal","Normal",0.318
"aleatorio","Normal","Normal",0.08
"aleatorio","Normal","Sospechosa",0.538
"aleatorio","Normal","Normal",0.066
"aleatorio","Sospechosa","Normal",0.184
"aleatorio","Normal","Normal",0.396
"aleatorio","Sospechosa","Sospechosa",0.662
"aleatorio","Sospechosa","Sospechosa",0.876
"aleatorio","Normal","Sospechosa",0.672
"aleatorio","Normal","Normal",0.064
"aleatorio","Sospechosa","Sospechosa",1
"aleatorio","Sospechosa","Sospechosa",0.826
"aleatorio","Normal","Normal",0.096
"aleatorio","Normal","Normal",0.422
"aleatorio","Normal","Sospechosa",0.53
"aleatorio","Sospechosa","Normal",0.38
"aleatorio","Sospechosa","Normal",0.38
"aleatorio","Sospechosa","Normal",0.486
"aleatorio","Normal","Normal",0.354
"aleatorio","Sospechosa","Sospechosa",0.51
"aleatorio","Normal","Normal",0.344
"aleatorio","Sospechosa","Normal",0.408
"aleatorio","Normal","Normal",0.092
"aleatorio","Normal","Sospechosa",0.614
"aleatorio","Sospechosa","Sospechosa",0.772
"aleatorio","Normal","Normal",0.474
"aleatorio","Normal","Normal",0.106
"aleatorio","Sospechosa","Sospechosa",0.724
"aleatorio","Sospechosa","Sospechosa",0.646
"aleatorio","Normal","Normal",0.462
"aleatorio","Sospechosa","Sospechosa",0.538
"aleatorio","Sospechosa","Sospechosa",0.958
"aleatorio","Normal","Normal",0.018
"aleatorio","Normal","Sospechosa",0.59
"aleatorio","Sospechosa","Sospechosa",1
"aleatorio","Normal","Normal",0.346
"aleatorio","Normal","Normal",0.188
"aleatorio","Sospechosa","Sospechosa",0.952
"aleatorio","Normal","Normal",0.058
"aleatorio","Normal","Normal",0.138
"aleatorio","Normal","Normal",0.07
"aleatorio","Normal","Normal",0.138
"aleatorio","Normal","Normal",0.268
"aleatorio","Normal","Normal",0.014
"aleatorio","Normal","Normal",0.114
"aleatorio","Sospechosa","Sospechosa",0.924
"aleatorio","Sospechosa","Sospechosa",0.936
"aleatorio","Normal","Normal",0.03
"aleatorio","Normal","Normal",0.016
"aleatorio","Normal","Normal",0.01
"aleatorio","Normal","Normal",0.022
"aleatorio","Normal","Normal",0.03
"aleatorio","Normal","Normal",0.046
"aleatorio","Normal","Normal",0.036
"aleatorio","Sospechosa","Sospechosa",0.792
"aleatorio","Normal","Normal",0.102
"aleatorio","Sospechosa","Sospechosa",0.784
"aleatorio","Normal","Normal",0.01
"aleatorio","Normal","Normal",0.272
"aleatorio","Normal","Normal",0.09
"aleatorio","Sospechosa","Sospechosa",0.796
"aleatorio","Normal","Normal",0.188
"aleatorio","Sospechosa","Normal",0.048
"aleatorio","Sospechosa","Normal",0.136
"aleatorio","Sospechosa","Normal",0.464
"aleatorio","Normal","Sospechosa",0.66
"aleatorio","Sospechosa","Sospechosa",0.642
"aleatorio","Sospechosa","Sospechosa",0.676
"aleatorio","Sospechosa","Sospechosa",0.684
"aleatorio","Sospechosa","Sospechosa",0.904
"aleatorio","Sospechosa","Sospechosa",0.992
"aleatorio","Normal","Normal",0.112
"aleatorio","Normal","Normal",0.302
"aleatorio","Normal","Normal",0.288
"aleatorio","Normal","Sospechosa",0.598
"aleatorio","Sospechosa","Sospechosa",0.968
"aleatorio","Normal","Normal",0.424
"aleatorio","Sospechosa","Sospechosa",0.756
"aleatorio","Sospechosa","Sospechosa",0.736
"aleatorio","Normal","Normal",0.056
"aleatorio","Normal","Normal",0.042
"aleatorio","Normal","Normal",0.008
"aleatorio","Sospechosa","Sospechosa",0.954
"aleatorio","Sospechosa","Sospechosa",0.548
"aleatorio","Sospechosa","Sospechosa",0.612
"aleatorio","Sospechosa","Sospechosa",0.874
"aleatorio","Sospechosa","Normal",0.202
"aleatorio","Sospechosa","Normal",0.5
"aleatorio","Sospechosa","Normal",0.494
"aleatorio","Normal","Normal",0.056
"aleatorio","Sospechosa","Normal",0.276
"aleatorio","Normal","Normal",0.056
"aleatorio","Sospechosa","Sospechosa",0.614
"aleatorio","Sospechosa","Normal",0.35
"aleatorio","Sospechosa","Sospechosa",0.76
"aleatorio","Normal","Normal",0.22
"aleatorio","Normal","Normal",0.156
"aleatorio","Normal","Sospechosa",0.636
"aleatorio","Normal","Normal",0.05
"aleatorio","Normal","Sospechosa",0.636
"aleatorio","Normal","Normal",0.042
"aleatorio","Sospechosa","Sospechosa",0.698
"aleatorio","Sospechosa","Sospechosa",0.572
"aleatorio","Normal","Normal",0.146
"aleatorio","Normal","Normal",0.3
"aleatorio","Sospechosa","Normal",0.182
"aleatorio","Normal","Normal",0.214
"aleatorio","Normal","Sospechosa",0.646
"aleatorio","Normal","Normal",0.176
"aleatorio","Normal","Normal",0.052
"aleatorio","Normal","Normal",0.188
"aleatorio","Sospechosa","Normal",0.454
"aleatorio","Normal","Normal",0.366
"aleatorio","Sospechosa","Sospechosa",0.986
"aleatorio","Normal","Normal",0.05
"aleatorio","Sospechosa","Sospechosa",0.95
"aleatorio","Sospechosa","Sospechosa",0.696
"aleatorio","Normal","Sospechosa",0.748
"aleatorio","Sospechosa","Sospechosa",0.502
"aleatorio","Sospechosa","Sospechosa",0.874
"aleatorio","Normal","Normal",0.044
"aleatorio","Normal","Sospechosa",0.842
"aleatorio","Sospechosa","Sospechosa",0.94
"aleatorio","Sospechosa","Sospechosa",0.622
"aleatorio","Normal","Normal",0.054
"aleatorio","Normal","Normal",0.058
"aleatorio","Normal","Normal",0.254
"aleatorio","Normal","Normal",0.306
"aleatorio","Normal","Normal",0.122
"aleatorio","Normal","Normal",0.086
"aleatorio","Normal","Normal",0.012
"aleatorio","Normal","Normal",0.408
"aleatorio","Normal","Normal",0.026
"aleatorio","Normal","Normal",0.168
"aleatorio","Normal","Normal",0.028
"aleatorio","Normal","Normal",0.002
"aleatorio","Sospechosa","Normal",0.376
"aleatorio","Sospechosa","Sospechosa",0.928
"aleatorio","Sospechosa","Normal",0.422
"aleatorio","Normal","Sospechosa",0.512
"aleatorio","Sospechosa","Sospechosa",0.878
"aleatorio","Sospechosa","Sospechosa",0.962
"aleatorio","Normal","Normal",0.094
"aleatorio","Normal","Normal",0.108
"aleatorio","Sospechosa","Sospechosa",0.996
"aleatorio","Sospechosa","Sospechosa",0.818
"aleatorio","Sospechosa","Sospechosa",0.674
"aleatorio","Normal","Sospechosa",0.828
"aleatorio","Sospechosa","Sospechosa",0.994
"aleatorio","Normal","Sospechosa",0.988
"aleatorio","Normal","Normal",0.006
"aleatorio","Sospechosa","Sospechosa",0.7
"aleatorio","Normal","Normal",0.06
"aleatorio","Normal","Normal",0.204
"aleatorio","Normal","Normal",0.084
"aleatorio","Normal","Normal",0.088
"aleatorio","Normal","Normal",0.112
"aleatorio","Normal","Normal",0.06
"aleatorio","Normal","Normal",0.066
"aleatorio","Normal","Normal",0.128
"aleatorio","Normal","Normal",0.154
"aleatorio","Normal","Normal",0.058
"aleatorio","Normal","Normal",0.01
"aleatorio","Normal","Normal",0.396
"aleatorio","Normal","Normal",0.002
"aleatorio","Normal","Normal",0.016
"aleatorio","Normal","Sospechosa",0.602
"aleatorio","Normal","Normal",0.134
"aleatorio","Normal","Normal",0.024
"aleatorio","Normal","Normal",0.194
"aleatorio","Normal","Normal",0.032
"aleatorio","Normal","Normal",0.012
"aleatorio","Normal","Normal",0.052
"aleatorio","Normal","Normal",0.138
"aleatorio","Sospechosa","Sospechosa",0.916
"aleatorio","Sospechosa","Normal",0.298
"aleatorio","Normal","Normal",0.412
"aleatorio","Normal","Normal",0.142
"aleatorio","Sospechosa","Sospechosa",0.938
"aleatorio","Normal","Normal",0.06
"aleatorio","Sospechosa","Normal",0.19
"aleatorio","Sospechosa","Normal",0.188
"aleatorio","Sospechosa","Normal",0.448
"aleatorio","Normal","Sospechosa",0.518
"aleatorio","Sospechosa","Normal",0.228
"aleatorio","Normal","Normal",0.302
"aleatorio","Sospechosa","Normal",0.484
"aleatorio","Normal","Sospechosa",0.714
"aleatorio","Normal","Normal",0.2
"aleatorio","Normal","Sospechosa",0.72
"aleatorio","Normal","Sospechosa",0.632
"aleatorio","Sospechosa","Sospechosa",0.75
"aleatorio","Normal","Sospechosa",0.544
"aleatorio","Normal","Sospechosa",0.744
"aleatorio","Normal","Normal",0.162
"aleatorio","Normal","Normal",0.194
"aleatorio","Sospechosa","Sospechosa",0.62
"aleatorio","Normal","Normal",0.436
"aleatorio","Sospechosa","Sospechosa",0.806
"aleatorio","Normal","Normal",0.5
"aleatorio","Sospechosa","Normal",0.236
"aleatorio","Sospechosa","Sospechosa",0.706
"aleatorio","Normal","Sospechosa",0.572
"aleatorio","Sospechosa","Sospechosa",0.654
"aleatorio","Normal","Normal",0.304
"aleatorio","Normal","Normal",0.348
"aleatorio","Normal","Normal",0.332
"aleatorio","Normal","Normal",0.282
"aleatorio","Normal","Normal",0.148
"aleatorio","Normal","Normal",0.112
"aleatorio","Normal","Normal",0.268
"aleatorio","Normal","Normal",0.47
"aleatorio","Normal","Normal",0.044
"aleatorio","Sospechosa","Normal",0.452
"aleatorio","Sospechosa","Sospechosa",0.748
"aleatorio","Sospechosa","Sospechosa",0.696
"aleatorio","Sospechosa","Sospechosa",0.918
"aleatorio","Sospechosa","Sospechosa",0.554
"aleatorio","Sospechosa","Normal",0.47
"aleatorio","Normal","Sospechosa",0.52
"aleatorio","Normal","Sospechosa",0.51
"aleatorio","Normal","Sospechosa",0.528
"aleatorio","Normal","Normal",0.27
"aleatorio","Normal","Normal",0.134
"aleatorio","Sospechosa","Sospechosa",0.622
"aleatorio","Sospechosa","Sospechosa",0.804
"aleatorio","Sospechosa","Sospechosa",0.6
"aleatorio","Sospechosa","Sospechosa",0.684
"aleatorio","Sospechosa","Sospechosa",0.546
"aleatorio","Sospechosa","Normal",0.374
"aleatorio","Normal","Sospechosa",0.646
"aleatorio","Normal","Normal",0.306
"aleatorio","Normal","Normal",0.15
"aleatorio","Sospechosa","Normal",0.188
"aleatorio","Normal","Normal",0.364
"aleatorio","Sospechosa","Sospechosa",0.738
"aleatorio","Normal","Sospechosa",0.536
"aleatorio","Sospechosa","Sospechosa",0.658
"aleatorio","Sospechosa","Normal",0.48
"aleatorio","Sospechosa","Normal",0.394
"aleatorio","Normal","Normal",0.122
"aleatorio","Normal","Normal",0.498
"aleatorio","Sospechosa","Sospechosa",0.83
"aleatorio","Sospechosa","Sospechosa",0.642
"aleatorio","Sospechosa","Sospechosa",0.584
"aleatorio","Sospechosa","Sospechosa",0.78
"aleatorio","Normal","Normal",0.116
"aleatorio","Normal","Normal",0.44
"aleatorio","Sospechosa","Normal",0.272
"aleatorio","Sospechosa","Normal",0.316
"aleatorio","Normal","Normal",0.33
"aleatorio","Sospechosa","Sospechosa",0.676
"aleatorio","Sospechosa","Sospechosa",0.51
"aleatorio","Normal","Normal",0.464
"aleatorio","Sospechosa","Normal",0.136
"aleatorio","Normal","Sospechosa",0.908
"aleatorio","Sospechosa","Sospechosa",0.828
"aleatorio","Sospechosa","Sospechosa",0.914
"aleatorio","Normal","Normal",0.022
"aleatorio","Normal","Normal",0.358
"aleatorio","Normal","Normal",0.014
"aleatorio","Normal","Normal",0.37
"aleatorio","Sospechosa","Sospechosa",0.784
"aleatorio","Sospechosa","Sospechosa",0.54
"aleatorio","Normal","Sospechosa",0.512
"aleatorio","Sospechosa","Sospechosa",0.938
"aleatorio","Sospechosa","Normal",0.354
"aleatorio","Sospechosa","Sospechosa",0.842
"aleatorio","Normal","Normal",0.018
"aleatorio","Sospechosa","Normal",0.486
"aleatorio","Sospechosa","Sospechosa",0.752
"aleatorio","Normal","Normal",0.074
"aleatorio","Normal","Normal",0.116
"aleatorio","Normal","Normal",0.394
"aleatorio","Normal","Normal",0.11
"aleatorio","Normal","Normal",0.034
"aleatorio","Normal","Normal",0.04
"aleatorio","Normal","Normal",0.14
"aleatorio","Normal","Normal",0.144
"aleatorio","Normal","Normal",0.088
"aleatorio","Normal","Normal",0.442
"aleatorio","Normal","Sospechosa",0.762
"aleatorio","Normal","Normal",0.062
"aleatorio","Sospechosa","Normal",0.446
"aleatorio","Normal","Normal",0.148
"aleatorio","Normal","Normal",0.05
"aleatorio","Normal","Normal",0.482
"aleatorio","Sospechosa","Sospechosa",0.926
"aleatorio","Normal","Normal",0.184
"aleatorio","Normal","Normal",0.33
"aleatorio","Normal","Sospechosa",0.664
"aleatorio","Normal","Normal",0.228
"aleatorio","Sospechosa","Sospechosa",0.51
"aleatorio","Normal","Normal",0.02
"aleatorio","Normal","Sospechosa",0.698
"aleatorio","Normal","Normal",0.054
"aleatorio","Normal","Normal",0.004
"aleatorio","Normal","Normal",0.11
"aleatorio","Normal","Normal",0.02
"aleatorio","Normal","Normal",0.074
"aleatorio","Normal","Normal",0.11
"aleatorio","Normal","Normal",0.118
"aleatorio","Sospechosa","Normal",0.384
"aleatorio","Sospechosa","Normal",0.436
"aleatorio","Normal","Normal",0.124
"aleatorio","Normal","Normal",0.16
"aleatorio","Normal","Normal",0.01
"aleatorio","Normal","Normal",0.172
"aleatorio","Normal","Normal",0.014
"aleatorio","Normal","Normal",0.008
"aleatorio","Normal","Normal",0.03
"aleatorio","Sospechosa","Sospechosa",0.914
"aleatorio","Normal","Normal",0.006
"aleatorio","Normal","Normal",0.014
"aleatorio","Sospechosa","Sospechosa",0.91
"aleatorio","Normal","Normal",0.118
"aleatorio","Normal","Normal",0.302
"aleatorio","Normal","Normal",0.396
"aleatorio","Normal","Normal",0.002
"aleatorio","Normal","Normal",0.132
"aleatorio","Normal","Normal",0.002
"aleatorio","Sospechosa","Sospechosa",0.512
"aleatorio","Sospechosa","Normal",0.22
"aleatorio","Normal","Sospechosa",0.684
"aleatorio","Sospechosa","Normal",0.372
"aleatorio","Sospechosa","Normal",0.376
"aleatorio","Normal","Normal",0.416
"aleatorio","Normal","Normal",0.198
"aleatorio","Normal","Normal",0.078
"aleatorio","Normal","Normal",0.406
"aleatorio","Normal","Normal",0.2
"aleatorio","Normal","Normal",0.392
"aleatorio","Normal","Normal",0.22
"aleatorio","Normal","Normal",0.006
"aleatorio","Sospechosa","Normal",0.244
"aleatorio","Sospechosa","Sospechosa",0.77
"aleatorio","Normal","Normal",0.27
"aleatorio","Normal","Normal",0.024
"aleatorio","Sospechosa","Normal",0.48
"aleatorio","Sospechosa","Sospechosa",0.754
"aleatorio","Normal","Sospechosa",0.808
"aleatorio","Normal","Normal",0.228
"aleatorio","Sospechosa","Normal",0.462
"aleatorio","Sospechosa","Sospechosa",0.804
"aleatorio","Normal","Normal",0.354
"aleatorio","Sospechosa","Sospechosa",0.724
"aleatorio","Normal","Sospechosa",0.672
"aleatorio","Sospechosa","Sospechosa",0.768
"aleatorio","Sospechosa","Sospechosa",0.736
"aleatorio","Normal","Normal",0.008
"aleatorio","Normal","Sospechosa",0.556
"aleatorio","Sospechosa","Normal",0.472
"aleatorio","Normal","Normal",0.184
"aleatorio","Normal","Sospechosa",0.56
"aleatorio","Sospechosa","Normal",0.074
"aleatorio","Normal","Sospechosa",0.542
"aleatorio","Normal","Normal",0.072
"aleatorio","Normal","Normal",0.05
"aleatorio","Normal","Sospechosa",0.564
"aleatorio","Sospechosa","Normal",0.028
"aleatorio","Sospechosa","Normal",0.304
"aleatorio","Normal","Normal",0.436
"aleatorio","Normal","Normal",0.324
"aleatorio","Sospechosa","Normal",0.304
"aleatorio","Normal","Normal",0.41
"aleatorio","Normal","Normal",0.116
"aleatorio","Normal","Normal",0.268
"aleatorio","Normal","Normal",0.112
"aleatorio","Sospechosa","Sospechosa",0.67
"aleatorio","Sospechosa","Sospechosa",0.58
"aleatorio","Normal","Normal",0.008
"aleatorio","Normal","Normal",0.434
"aleatorio","Sospechosa","Sospechosa",0.726
"aleatorio","Sospechosa","Sospechosa",0.83
"aleatorio","Normal","Sospechosa",0.502
"aleatorio","Normal","Normal",0.022
"aleatorio","Normal","Normal",0.398
"aleatorio","Sospechosa","Sospechosa",0.996
"aleatorio","Sospechosa","Normal",0.274
"aleatorio","Normal","Normal",0.498
"aleatorio","Sospechosa","Normal",0.466
"aleatorio","Normal","Normal",0.37
"aleatorio","Normal","Sospechosa",0.614
"aleatorio","Normal","Normal",0.148
"aleatorio","Sospechosa","Sospechosa",0.664
"aleatorio","Sospechosa","Sospechosa",0.616
"aleatorio","Sospechosa","Normal",0.358
"aleatorio","Normal","Normal",0.138
"aleatorio","Sospechosa","Sospechosa",0.658
"aleatorio","Sospechosa","Normal",0.358
"aleatorio","Normal","Normal",0.046
"aleatorio","Sospechosa","Sospechosa",0.502
"aleatorio","Sospechosa","Normal",0.426
"aleatorio","Normal","Sospechosa",0.536
"aleatorio","Sospechosa","Normal",0.242
"aleatorio","Sospechosa","Sospechosa",0.574
"aleatorio","Normal","Normal",0.018
"aleatorio","Sospechosa","Normal",0.128
"aleatorio","Sospechosa","Sospechosa",0.934
"aleatorio","Normal","Sospechosa",0.534
"aleatorio","Normal","Normal",0.242
"aleatorio","Sospechosa","Sospechosa",0.996
"aleatorio","Sospechosa","Sospechosa",0.616
"aleatorio","Normal","Normal",0.134
"aleatorio","Normal","Normal",0.252
"aleatorio","Sospechosa","Sospechosa",0.958
"aleatorio","Normal","Normal",0.162
"aleatorio","Normal","Normal",0.226
"aleatorio","Normal","Normal",0.106
"aleatorio","Normal","Normal",0.006
"aleatorio","Normal","Normal",0.146
"aleatorio","Sospechosa","Normal",0.124
"aleatorio","Normal","Normal",0.014
"aleatorio","Sospechosa","Sospechosa",0.976
"aleatorio","Normal","Normal",0.026
"aleatorio","Normal","Normal",0.016
"aleatorio","Normal","Normal",0.028
"aleatorio","Normal","Normal",0.104
"aleatorio","Normal","Normal",0.012
"aleatorio","Normal","Normal",0.378
"aleatorio","Sospechosa","Sospechosa",0.642
"aleatorio","Sospechosa","Sospechosa",0.926
"aleatorio","Normal","Sospechosa",0.72
"aleatorio","Normal","Normal",0.424
"aleatorio","Normal","Normal",0.37
"aleatorio","Normal","Sospechosa",0.528
"aleatorio","Normal","Normal",0.092
"aleatorio","Normal","Normal",0.342
"aleatorio","Normal","Sospechosa",0.508
"aleatorio","Normal","Normal",0.402
"aleatorio","Normal","Sospechosa",0.634
"aleatorio","Sospechosa","Sospechosa",0.672
"aleatorio","Normal","Normal",0.222
"aleatorio","Normal","Sospechosa",0.67
"aleatorio","Normal","Normal",0.47
"aleatorio","Normal","Normal",0.21
"aleatorio","Normal","Normal",0.476
"aleatorio","Sospechosa","Sospechosa",0.668
"aleatorio","Sospechosa","Sospechosa",0.672
"aleatorio","Sospechosa","Sospechosa",0.53
"aleatorio","Normal","Sospechosa",0.874
"aleatorio","Normal","Sospechosa",0.54
"aleatorio","Normal","Sospechosa",0.504
"aleatorio","Normal","Sospechosa",0.754
"aleatorio","Normal","Sospechosa",0.718
"aleatorio","Sospechosa","Sospechosa",0.716
"aleatorio","Sospechosa","Sospechosa",0.714
"aleatorio","Normal","Sospechosa",0.688
"aleatorio","Normal","Normal",0.276
"aleatorio","Sospechosa","Normal",0.232
"aleatorio","Normal","Normal",0.094
"aleatorio","Sospechosa","Normal",0.29
"aleatorio","Normal","Sospechosa",0.77
"aleatorio","Normal","Normal",0.252
"aleatorio","Normal","Sospechosa",0.948
"aleatorio","Sospechosa","Normal",0.324
"aleatorio","Sospechosa","Sospechosa",0.72
"aleatorio","Sospechosa","Normal",0.134
"aleatorio","Normal","Normal",0.304
"aleatorio","Normal","Sospechosa",0.776
"aleatorio","Sospechosa","Sospechosa",0.972
"aleatorio","Normal","Normal",0.498
"aleatorio","Normal","Sospechosa",0.95
"aleatorio","Normal","Sospechosa",0.948
"aleatorio","Sospechosa","Sospechosa",0.94
"aleatorio","Normal","Normal",0.492
"aleatorio","Normal","Normal",0.47
"aleatorio","Sospechosa","Sospechosa",0.89
"aleatorio","Normal","Normal",0.182
"aleatorio","Normal","Normal",0.374
"aleatorio","Sospechosa","Normal",0.244
"aleatorio","Normal","Normal",0.14
"aleatorio","Sospechosa","Normal",0.46
"aleatorio","Sospechosa","Normal",0.302
"aleatorio","Sospechosa","Sospechosa",0.848
"aleatorio","Normal","Normal",0.174
"aleatorio","Sospechosa","Sospechosa",0.932
"aleatorio","Sospechosa","Sospechosa",0.778
"aleatorio","Sospechosa","Sospechosa",0.78
"aleatorio","Sospechosa","Normal",0.402
"aleatorio","Sospechosa","Sospechosa",0.892
"aleatorio","Normal","Normal",0.15
"aleatorio","Normal","Normal",0.432
"aleatorio","Normal","Normal",0.006
"aleatorio","Normal","Normal",0.258
"aleatorio","Normal","Normal",0.368
"aleatorio","Sospechosa","Normal",0.19
"aleatorio","Normal","Sospechosa",0.512
"aleatorio","Normal","Normal",0.042
"aleatorio","Normal","Sospechosa",0.844
"aleatorio","Normal","Normal",0.042
"aleatorio","Normal","Normal",0.2
"aleatorio","Sospechosa","Normal",0.244
"aleatorio","Normal","Normal",0.042
"aleatorio","Normal","Normal",0.256
"aleatorio","Normal","Normal",0.456
"aleatorio","Normal","Normal",0.172
"aleatorio","Normal","Normal",0.032
"aleatorio","Normal","Normal",0.276
"aleatorio","Sospechosa","Sospechosa",0.594
"aleatorio","Normal","Normal",0.05
"aleatorio","Sospechosa","Sospechosa",0.824
"aleatorio","Sospechosa","Sospechosa",0.844
"aleatorio","Sospechosa","Sospechosa",0.504
"aleatorio","Sospechosa","Normal",0.424
"aleatorio","Sospechosa","Sospechosa",0.762
"aleatorio","Sospechosa","Sospechosa",0.526
"aleatorio","Normal","Normal",0.394
"aleatorio","Normal","Normal",0.16
"aleatorio","Normal","Normal",0.354
"aleatorio","Normal","Normal",0.188
"aleatorio","Normal","Normal",0.284
"aleatorio","Normal","Normal",0.112
"aleatorio","Normal","Normal",0.18
"aleatorio","Normal","Normal",0.368
"aleatorio","Normal","Normal",0.198
"aleatorio","Normal","Normal",0.082
"aleatorio","Normal","Normal",0.022
"aleatorio","Normal","Normal",0.35
"aleatorio","Normal","Normal",0.204
"aleatorio","Normal","Normal",0.332
"aleatorio","Normal","Normal",0.29
"aleatorio","Sospechosa","Sospechosa",0.658
"aleatorio","Sospechosa","Sospechosa",0.794
"aleatorio","Sospechosa","Sospechosa",0.786
"aleatorio","Normal","Normal",0.442
"aleatorio","Normal","Normal",0.474
"aleatorio","Normal","Normal",0.462
"aleatorio","Sospechosa","Sospechosa",0.672
"aleatorio","Sospechosa","Sospechosa",0.718
"aleatorio","Sospechosa","Sospechosa",0.714
"aleatorio","Sospechosa","Normal",0.364
"aleatorio","Normal","Normal",0.318
"aleatorio","Normal","Sospechosa",0.624
"aleatorio","Sospechosa","Sospechosa",0.694
"aleatorio","Sospechosa","Sospechosa",0.568
"aleatorio","Normal","Normal",0.196
"aleatorio","Sospechosa","Sospechosa",0.93
"aleatorio","Sospechosa","Sospechosa",0.732
"aleatorio","Normal","Normal",0.446
"aleatorio","Normal","Normal",0.35
"aleatorio","Sospechosa","Sospechosa",0.542
"aleatorio","Sospechosa","Sospechosa",0.69
"aleatorio","Normal","Normal",0.41
"aleatorio","Normal","Normal",0.22
"aleatorio","Sospechosa","Sospechosa",0.736
"aleatorio","Normal","Normal",0.03
"aleatorio","Sospechosa","Sospechosa",0.578
"aleatorio","Normal","Normal",0.154
"aleatorio","Normal","Normal",0.13
"aleatorio","Normal","Normal",0.344
"aleatorio","Normal","Normal",0.128
"aleatorio","Normal","Normal",0.498
"aleatorio","Normal","Normal",0.024
"aleatorio","Normal","Normal",0.202
"aleatorio","Normal","Normal",0.14
"aleatorio","Normal","Normal",0.074
"aleatorio","Sospechosa","Normal",0.394
"aleatorio","Normal","Sospechosa",0.67
"aleatorio","Sospechosa","Sospechosa",0.53
"aleatorio","Normal","Sospechosa",0.774
"aleatorio","Normal","Normal",0.142
"aleatorio","Normal","Normal",0.246
"aleatorio","Normal","Normal",0.078
"aleatorio","Normal","Normal",0.312
"aleatorio","Sospechosa","Normal",0.12
"aleatorio","Sospechosa","Normal",0.218
"aleatorio","Sospechosa","Sospechosa",0.91
"aleatorio","Sospechosa","Sospechosa",0.788
"aleatorio","Sospechosa","Normal",0.214
"aleatorio","Normal","Sospechosa",0.688
"aleatorio","Sospechosa","Normal",0.334
"aleatorio","Sospechosa","Normal",0.364
"aleatorio","Normal","Sospechosa",0.54
"aleatorio","Sospechosa","Normal",0.276
"aleatorio","Sospechosa","Sospechosa",0.602
"aleatorio","Sospechosa","Sospechosa",0.57
"aleatorio","Normal","Normal",0.424
"aleatorio","Normal","Normal",0.046
"aleatorio","Normal","Normal",0.038
"aleatorio","Normal","Normal",0.174
"aleatorio","Normal","Normal",0.478
"aleatorio","Normal","Sospechosa",0.814
"aleatorio","Normal","Sospechosa",0.758
"aleatorio","Normal","Normal",0.376
"aleatorio","Normal","Normal",0.036
"aleatorio","Normal","Normal",0.068
"aleatorio","Normal","Normal",0.324
"aleatorio","Normal","Normal",0.472
"aleatorio","Normal","Sospechosa",0.814
"aleatorio","Normal","Normal",0.074
"aleatorio","Sospechosa","Normal",0.404
"aleatorio","Sospechosa","Normal",0.212
"aleatorio","Sospechosa","Sospechosa",0.756
"aleatorio","Sospechosa","Sospechosa",0.928
"aleatorio","Normal","Normal",0.232
"aleatorio","Sospechosa","Sospechosa",0.83
"aleatorio","Normal","Normal",0.352
"aleatorio","Sospechosa","Sospechosa",0.836
"aleatorio","Sospechosa","Normal",0.396
"aleatorio","Normal","Normal",0.338
"aleatorio","Normal","Normal",0.296
"aleatorio","Normal","Normal",0.466
"aleatorio","Sospechosa","Normal",0.476
"aleatorio","Sospechosa","Normal",0.43
"aleatorio","Normal","Normal",0.486
